Name,Value,Sheet,Ref,Table,Row,Col,Date,Source
Info_No.ofIrishBasedRDEmployeesye_BaseYear_plus_2_0,,Accounts,R16C5,,,,,
Cash_Prepayments_OtherDebtors_BaseYear_plus_2_0,10.400000000000006,Accounts,R141C5,,,,,
BS_Row871_31_12_23_0,,Accounts,R87C6,,,,,
BS_InvoicediscountingYEBalance_30_12_24_0,0.0,Accounts,R98C7,,,,,
Cash_Overdraft_new_BaseYear_minus_2_0,,Accounts,R172C1,,,,,
Cash_Overdraft_new_BaseYear_plus_2_0,0.0,Accounts,R172C5,,,,,
PL_IndirectLabourexcludingRDSalaries_31_12_22_0,423.0,Accounts,R50C5,,,,,
PL_Non_minus_OperatingExpenses_Gains_31_12_22_0,-34.0,Accounts,R67C5,,,,,
BS_Intangible_31_12_20_0,,Accounts,R83C3,,,,,
BS_ShortTermloans_Leasing1year_31_12_25_0,22.0,Accounts,R99C8,,,,,
Cash_OverdraftFacility_BaseYear_plus_5_0,0.0,Accounts,R192C8,,,,,
PL_SellingGeneralAdminExpenses_31_12_23_0,569.6,Accounts,R49C6,,,,,
BS_Investments_30_12_24_0,0.0,Accounts,R85C7,,,,,
Cash_NetClosingCashExclShortTermFacilities_BaseYear_plus_1_0,332.30000000000024,Accounts,R194C4,,,,,
BS_NetAssets_31_12_20_0,2405.0,Accounts,R115C3,,,,,
Cash_Row1351_BaseYear_plus_3_0,,Accounts,R135C6,,,,,
Cash_Leasing_BaseYear_plus_1_0,0.0,Accounts,R159C4,,,,,
PL_OtherRDexpenditure_31_12_18_0,0.0,Accounts,R53C1,,,,,
Cash_Row1321_BaseYear_plus_2_0,,Accounts,R132C5,,,,,
Cash_Row1701_BaseYear_0,,Accounts,R170C3,,,,,
BS_TangibleFixedAssets_31_12_18_0,823.0,Accounts,R84C1,,,,,
Cash_Newfunding_BaseYear_plus_2_0,,Accounts,R171C5,,,,,
Cash_CashavailableafterServicingFinancingObligations_BaseYear_0,140.30000000000018,Accounts,R169C3,,,,,
BS_RetainedEarnings_31_12_19_0,1383.0,Accounts,R122C2,,,,,
BS_Liabilities1Year_31_12_21_0,,Accounts,R106C4,,,,,
Cash_Otherfinancingrequirements_BaseYear_minus_1_0,0.0,Accounts,R163C2,,,,,
Cash_Row1321_BaseYear_minus_1_0,,Accounts,R132C2,,,,,
Cash_Ordequity_BaseYear_plus_4_0,0.0,Accounts,R165C7,,,,,
Cash_Longtermloans_BaseYear_plus_2_0,-31.5,Accounts,R158C5,,,,,
Info_Site_BuildingsPurchase_BaseYear_plus_4_0,0.0,Accounts,R22C7,,,,,
Info_IntangibleassetExclCapitalisedRD_BaseYear_minus_2_0,,Accounts,R25C1,,,,,
PL_Tax_31_12_18_0,19.0,Accounts,R70C1,,,,,
BS_Accruals_OtherCreditors_31_12_25_0,116.60000000000001,Accounts,R101C8,,,,,
Cash_Preferredequity_BaseYear_plus_3_0,0.0,Accounts,R164C6,,,,,
PL_Profit_LossbeforeTax_31_12_22_0,48.0,Accounts,R68C5,,,,,
Info_TotalIrishLabourCosts000s_BaseYear_plus_5_0,1615.0,Accounts,R17C8,,,,,
Info_InvoicediscountingProjectedYearEndBalance_CurrentYear_0,,Accounts,R21C4,,,,,
Cash_Row1681_BaseYear_0,,Accounts,R168C3,,,,,
Cash_Group_BaseYear_0,0.0,Accounts,R161C3,,,,,
BS_Row951_31_12_21_0,,Accounts,R95C4,,,,,
PL_InterestPayable_31_12_20_0,7.0,Accounts,R61C3,,,,,
Cash_Row1861_BaseYear_minus_1_0,,Accounts,R186C2,,,,,
Cash_OperatingCashInflow_Outflow_BaseYear_minus_2_0,,Accounts,R146C1,,,,,
BS_ShareholdersFunds_30_12_24_0,1383.0,Accounts,R123C7,,,,,
Cash_Capex_minus_Tangible_BaseYear_plus_3_0,-29.5,Accounts,R148C6,,,,,
PL_RDExpenditure_31_12_20_0,,Accounts,R54C3,,,,,
Info_No.ofIrishBasedEmployeesye_BaseYear_minus_2_0,16.0,Accounts,R14C1,,,,,
PL_Depreciation_31_12_19_0,138.4,Accounts,R63C2,,,,,
Cash_Row1531_BaseYear_plus_4_0,,Accounts,R153C7,,,,,
Cash_CashavailableafterServicingFinancingObligations_BaseYear_plus_3_0,89.19999999999999,Accounts,R169C6,,,,,
Cash_TradeDebtors_BaseYear_0,158.0,Accounts,R140C3,,,,,
PL_DirectLabour_31_12_18_0,709.45,Accounts,R42C1,,,,,
Info_VAT_PAYE_PRSIpaid_Receivedinyear_BaseYear_plus_2_0,660.0,Accounts,R19C5,,,,,
Cash_Row1321_BaseYear_plus_4_0,,Accounts,R132C7,,,,,
Cash_EIrepayableadvance_BaseYear_plus_3_0,0.0,Accounts,R160C6,,,,,
Cash_Row1371_BaseYear_minus_2_0,,Accounts,R137C1,,,,,
Cash_IDfacility_BaseYear_plus_1_0,0.0,Accounts,R156C4,,,,,
Cash_Row1861_BaseYear_plus_2_0,,Accounts,R186C5,,,,,
Cash_Shorttermloans_Leasing_BaseYear_plus_5_0,0.0,Accounts,R157C8,,,,,
PL_ProfitRetainedfortheYear_31_12_23_0,113.79999999999998,Accounts,R74C6,,,,,
BS_OrdinarySharesSharePremium_31_12_20_0,,Accounts,R120C3,,,,,
Info_CapitalisedRD000s_BaseYear_minus_2_0,,Accounts,R18C1,,,,,
Cash_Total_BaseYear_plus_3_0,-54.10000000000001,Accounts,R144C6,,,,,
Cash_NetClosingCashExclShortTermFacilities_BaseYear_minus_1_0,,Accounts,R194C2,,,,,
PL_TotalSales_31_12_22_0,3540.0,Accounts,R40C5,,,,,
Cash_NetMovementinCash_BaseYear_plus_3_0,89.19999999999999,Accounts,R187C6,,,,,
PL_Sales_31_12_22_0,€000's,Accounts,R35C5,,,,,
Info_NewMachinery_otherCapex_BaseYear_minus_1_0,,Accounts,R24C2,,,,,
Cash_TradeCreditors_BaseYear_plus_4_0,0.0,Accounts,R142C7,,,,,
Info_No.ofGlobalRDEmployeesye_BaseYear_plus_4_0,17.0,Accounts,R15C7,,,,,
BS_Row811_31_12_23_0,€000's,Accounts,R81C6,,,,,
PL_Row721_31_12_18_0,,Accounts,R72C1,,,,,
BS_Row1031_31_12_20_0,,Accounts,R103C3,,,,,
BS_Row1051_31_12_20_0,,Accounts,R105C3,,,,,
Cash_Row1451_BaseYear_plus_5_0,,Accounts,R145C8,,,,,
Info_No.ofGlobalRDEmployeesye_CurrentYear_0,16.0,Accounts,R15C4,,,,,
PL_IndirectLabourexcludingRDSalaries_31_12_20_0,340.0,Accounts,R50C3,,,,,
BS_OtherLongTermLiabilitiesinclEIRepayableAdvances_31_12_21_0,0.0,Accounts,R112C4,,,,,
BS_Row871_31_12_21_0,,Accounts,R87C4,,,,,
Info_InvoicediscountingProjectedYearEndBalance_BaseYear_minus_1_0,,Accounts,R21C2,,,,,
BS_ShortTermloans_Leasing1year_31_12_23_0,22.0,Accounts,R99C6,,,,,
Cash_OverdraftFacility_BaseYear_plus_3_0,0.0,Accounts,R192C6,,,,,
BS_Intangible_31_12_22_0,0.0,Accounts,R83C5,,,,,
BS_TotalFixedAssets_31_12_19_0,1403.0,Accounts,R86C2,,,,,
BS_CurrentAssets_31_12_19_0,,Accounts,R88C2,,,,,
Cash_Longtermloans_BaseYear_plus_4_0,0.0,Accounts,R158C7,,,,,
PL_SellingGeneralAdminExpenses_31_12_21_0,514.0,Accounts,R49C4,,,,,
BS_Investments_31_12_21_0,,Accounts,R85C4,,,,,
Cash_Row1351_BaseYear_plus_5_0,,Accounts,R135C8,,,,,
Info_BankOverdraftFacilityLimitforProjectedYears_BaseYear_minus_2_0,,Accounts,R20C1,,,,,
BS_Provisions_Grants_OtherReserves_31_12_18_0,0.0,Accounts,R121C1,,,,,
PL_Row411_31_12_20_0,,Accounts,R41C3,,,,,
PL_GrantAmortisationThisapplicationonly_31_12_18_0,,Accounts,R65C1,,,,,
Cash_InvoiceDiscountingBalance_BaseYear_plus_5_0,0.0,Accounts,R193C8,,,,,
BS_ConnectedParties_InterCompanyLoans_31_12_19_0,,Accounts,R92C2,,,,,
BS_Liabilities1Year_31_12_23_0,,Accounts,R106C6,,,,,
Cash_Newfunding_BaseYear_plus_4_0,,Accounts,R171C7,,,,,
PL_OperatingExpenditure_31_12_18_0,,Accounts,R57C1,,,,,
Info_Site_BuildingsPurchase_BaseYear_plus_2_0,,Accounts,R22C5,,,,,
Cash_AddbackDepreciation_Amortisation_BaseYear_plus_1_0,122.7,Accounts,R136C4,,,,,
BS_Leases_31_12_22_0,,Accounts,R108C5,,,,,
Cash_Preferredequity_BaseYear_plus_5_0,0.0,Accounts,R164C8,,,,,
BS_ShareholdersFunds_31_12_21_0,1383.0,Accounts,R123C4,,,,,
Cash_Row1451_BaseYear_0,,Accounts,R145C3,,,,,
Cash_OpeningCashBalance_minus_includesFacilities_BaseYear_plus_4_0,365.90000000000026,Accounts,R189C7,,,,,
Cash_OverdraftFacility_BaseYear_minus_1_0,,Accounts,R192C2,,,,,
Cash_Row1471_BaseYear_0,,Accounts,R147C3,,,,,
PL_GrossProfit_Loss_31_12_18_0,1031.1,Accounts,R47C1,,,,,
Cash_Row1471_BaseYear_minus_1_0,,Accounts,R147C2,,,,,
PL_OwnProduct_ServiceProducedinIrelandExported_31_12_18_0,334.0,Accounts,R36C1,,,,,
PL_Row511_31_12_20_0,,Accounts,R51C3,,,,,
Cash_CashavailableafterServicingFinancingObligations_BaseYear_plus_5_0,187.29999999999998,Accounts,R169C8,,,,,
Cash_CapitalExpenditure_BaseYear_minus_1_0,-718.4,Accounts,R150C2,,,,,
BS_Directors_ShareholdersLoans_30_12_24_0,0.0,Accounts,R110C7,,,,,
Cash_CashavailableafterServicingFinancingObligations_BaseYear_minus_1_0,-28.899999999999977,Accounts,R169C2,,,,,
PL_Row551_31_12_20_0,,Accounts,R55C3,,,,,
PL_CostofSales_31_12_19_0,2166.0,Accounts,R45C2,,,,,
PL_RemittedProfitstoIrelandFromForeignSubsidiary_31_12_21_0,,Accounts,R66C4,,,,,
Cash_Row1311_BaseYear_minus_1_0,€000's,Accounts,R131C2,,,,,
PL_RemittedProfitstoIrelandFromForeignSubsidiary_30_12_24_0,0.0,Accounts,R66C7,,,,,
PL_ProfitRetainedfortheYear_31_12_25_0,113.79999999999998,Accounts,R74C8,,,,,
PL_Interest_DividendsReceivable_31_12_22_0,,Accounts,R62C5,,,,,
Cash_EIrepayableadvance_BaseYear_0,,Accounts,R160C3,,,,,
PL_OwnProduct_ServiceProducedAbroadsoldAbroad_31_12_18_0,0.0,Accounts,R37C1,,,,,
Info_VAT_PAYE_PRSIpaid_Receivedinyear_BaseYear_plus_4_0,803.0,Accounts,R19C7,,,,,
BS_TotalLiabilities1Year_31_12_21_0,43.5,Accounts,R113C4,,,,,
PL_OperatingProfit_Loss_minus_EBITDA_31_12_25_0,,Accounts,R59C8,,,,,
Cash_IDfacility_BaseYear_plus_3_0,0.0,Accounts,R156C6,,,,,
Cash_EIrepayableadvance_BaseYear_plus_1_0,0.0,Accounts,R160C4,,,,,
BS_OrdinarySharesSharePremium_31_12_22_0,0.0,Accounts,R120C5,,,,,
BS_OtherLongTermLiabilitiesinclEIRepayableAdvances_30_12_24_0,0.0,Accounts,R112C7,,,,,
PL_Non_minus_OperatingExpenses_Gains_31_12_20_0,-77.5,Accounts,R67C3,,,,,
BS_FixedAssets_31_12_18_0,,Accounts,R82C1,,,,,
BS_Directors_ShareholdersLoans_31_12_21_0,,Accounts,R110C4,,,,,
Cash_Capex_minus_Tangible_BaseYear_plus_5_0,-29.5,Accounts,R148C8,,,,,
PL_OwnProduct_ServiceProducedSoldinIreland_31_12_19_0,3343.0,Accounts,R38C2,,,,,
BS_Row811_31_12_21_0,€000's,Accounts,R81C4,,,,,
Cash_NetMovementinCash_BaseYear_plus_1_0,-209.69999999999976,Accounts,R187C4,,,,,
BS_TotalLiabilities1Year_30_12_24_0,0.0,Accounts,R113C7,,,,,
BS_NetCurrentAssets_31_12_18_0,560.0,Accounts,R104C1,,,,,
BS_BankOverdraftFacilityLimitinProjectedYears_31_12_18_0,0.0,Accounts,R97C1,,,,,
Cash_Total_BaseYear_plus_1_0,83.19999999999999,Accounts,R144C4,,,,,
PL_Row601_31_12_18_0,,Accounts,R60C1,,,,,
Cash_TradeDebtors_BaseYear_plus_1_0,96.0,Accounts,R140C4,,,,,
PL_Row601_31_12_20_0,,Accounts,R60C3,,,,,
PL_Row411_31_12_22_0,,Accounts,R41C5,,,,,
PL_Amortisation_31_12_22_0,,Accounts,R64C5,,,,,
BS_Row1031_31_12_22_0,,Accounts,R103C5,,,,,
Cash_ProfitRetainedfortheYear_BaseYear_0,207.80000000000018,Accounts,R134C3,,,,,
Info_NewMachinery_otherCapex_BaseYear_plus_5_0,29.5,Accounts,R24C8,,,,,
PL_Purchases_31_12_23_0,1410.0,Accounts,R43C6,,,,,
Cash_OverdraftFacility_BaseYear_plus_1_0,0.0,Accounts,R192C4,,,,,
Info_BankOverdraftFacilityLimitforProjectedYears_BaseYear_plus_5_0,0.0,Accounts,R20C8,,,,,
Cash_Row1311_BaseYear_0,€000's,Accounts,R131C3,,,,,
Cash_IDfacility_BaseYear_0,0.0,Accounts,R156C3,,,,,
Cash_NetClosingCashExclShortTermFacilities_BaseYear_plus_5_0,740.5000000000002,Accounts,R194C8,,,,,
Cash_Group_BaseYear_plus_2_0,0.0,Accounts,R161C5,,,,,
Cash_Otherfinancingrequirements_BaseYear_plus_3_0,-12.0,Accounts,R163C6,,,,,
PL_Row461_31_12_18_0,,Accounts,R46C1,,,,,
BS_TradeCreditors_31_12_22_0,189.0,Accounts,R100C5,,,,,
Cash_WorkingCapitalIncrease_Decrease_BaseYear_plus_5_0,,Accounts,R138C8,,,,,
Cash_Group_BaseYear_minus_2_0,,Accounts,R161C1,,,,,
BS_Accruals_OtherCreditors_31_12_18_0,330.0,Accounts,R101C1,,,,,
Info_Site_BuildingsPurchase_BaseYear_minus_1_0,,Accounts,R22C2,,,,,
Cash_Totalfundinginjection_BaseYear_plus_1_0,0.0,Accounts,R185C4,,,,,
BS_TotalCurrentLiabilities_31_12_22_0,378.1,Accounts,R102C5,,,,,
Cash_ProfitRetainedfortheYear_BaseYear_plus_1_0,-296.1499999999998,Accounts,R134C4,,,,,
Cash_Row1321_BaseYear_0,,Accounts,R132C3,,,,,
Info_YearEnd_BaseYear_plus_4_0,45656.0,Accounts,R12C7,,,,,
PL_OtherCostofGoodsSold_31_12_23_0,12.0,Accounts,R44C6,,,,,
Cash_Row1451_BaseYear_minus_1_0,,Accounts,R145C2,,,,,
BS_Leases_31_12_20_0,,Accounts,R108C3,,,,,
BS_EIEquityAssistanceThisapplicationonly_31_12_20_0,,Accounts,R119C3,,,,,
BS_ShortTermloans_Leasing1year_31_12_21_0,53.5,Accounts,R99C4,,,,,
PL_AccountStatus_31_12_22_0,Projected,Accounts,R34C5,,,,,
Cash_Row1351_BaseYear_0,,Accounts,R135C3,,,,,
Cash_OpeningCashBalance_minus_includesFacilities_BaseYear_plus_2_0,332.30000000000024,Accounts,R189C5,,,,,
Cash_Row1451_BaseYear_plus_3_0,,Accounts,R145C6,,,,,
Cash_Row1471_BaseYear_plus_1_0,,Accounts,R147C4,,,,,
PL_Row511_31_12_22_0,,Accounts,R51C5,,,,,
Info_DividendsPaidtoEI_BaseYear_plus_4_0,0.0,Accounts,R28C7,,,,,
BS_Row1161_31_12_22_0,,Accounts,R116C5,,,,,
BS_Financedby_31_12_19_0,,Accounts,R117C2,,,,,
BS_RetainedEarnings_30_12_24_0,1383.0,Accounts,R122C7,,,,,
PL_RemittedProfitstoIrelandFromForeignSubsidiary_31_12_23_0,,Accounts,R66C6,,,,,
BS_Investments_31_12_19_0,,Accounts,R85C2,,,,,
PL_Row551_31_12_22_0,,Accounts,R55C5,,,,,
PL_DividendsseeRows3031_31_12_19_0,,Accounts,R73C2,,,,,
BS_TotalLiabilities1Year_31_12_19_0,0.0,Accounts,R113C2,,,,,
Info_Site_BuildingsModifications_BaseYear_0,,Accounts,R23C3,,,,,
Info_PromotersEquityInvestment_Divestment_BaseYear_0,,Accounts,R26C3,,,,,
PL_NetProfit_Loss_31_12_20_0,207.80000000000018,Accounts,R71C3,,,,,
PL_Interest_DividendsReceivable_31_12_20_0,,Accounts,R62C3,,,,,
Cash_CashavailableforServicingFinancingObligations_BaseYear_minus_2_0,,Accounts,R152C1,,,,,
BS_Prepayments_OtherDebtors_30_12_24_0,100.0,Accounts,R93C7,,,,,
BS_ShareholdersFunds_31_12_19_0,1383.0,Accounts,R123C2,,,,,
Info_IntangibleassetExclCapitalisedRD_BaseYear_plus_4_0,0.0,Accounts,R25C7,,,,,
BS_NetCurrentAssets_31_12_23_0,590.5,Accounts,R104C6,,,,,
BS_OtherLongTermLiabilitiesinclEIRepayableAdvances_31_12_19_0,,Accounts,R112C2,,,,,
Cash_Directorsloans_BaseYear_minus_1_0,0.0,Accounts,R162C2,,,,,
Cash_Newfunding_BaseYear_minus_1_0,,Accounts,R171C2,,,,,
Cash_Leasing_BaseYear_minus_2_0,,Accounts,R159C1,,,,,
BS_Row1141_31_12_18_0,,Accounts,R114C1,,,,,
Cash_IDfacility_BaseYear_plus_5_0,0.0,Accounts,R156C8,,,,,
PL_OperatingProfit_Loss_minus_EBITDA_31_12_23_0,,Accounts,R59C6,,,,,
BS_InvoicediscountingYEBalance_31_12_19_0,0.0,Accounts,R98C2,,,,,
Cash_Servicingoffunding_BaseYear_minus_1_0,,Accounts,R154C2,,,,,
PL_CostofSales_30_12_24_0,2602.0,Accounts,R45C7,,,,,
PL_Row691_31_12_20_0,,Accounts,R69C3,,,,,
BS_LongTermLoans_31_12_22_0,12.0,Accounts,R107C5,,,,,
PL_Row481_31_12_20_0,,Accounts,R48C3,,,,,
PL_Row581_31_12_22_0,133.0,Accounts,R58C5,,,,,
BS_TotalCurrentAssets_31_12_20_0,1385.5,Accounts,R94C3,,,,,
PL_Purchases_31_12_25_0,1410.0,Accounts,R43C8,,,,,
Cash_Shorttermloans_Leasing_BaseYear_plus_1_0,-0.9499999999999886,Accounts,R157C4,,,,,
Info_PromotersEquityInvestment_Divestment_BaseYear_plus_3_0,,Accounts,R26C6,,,,,
BS_Bank_Cash_31_12_22_0,0.0,Accounts,R91C5,,,,,
Cash_CapitalExpenditure_BaseYear_plus_4_0,-29.5,Accounts,R150C7,,,,,
PL_CostofSales_31_12_21_0,2054.45,Accounts,R45C4,,,,,
BS_Directors_ShareholdersLoans_31_12_23_0,,Accounts,R110C6,,,,,
BS_PreferenceShares_31_12_21_0,,Accounts,R118C4,,,,,
Cash_TradeDebtors_BaseYear_plus_3_0,-52.10000000000002,Accounts,R140C6,,,,,
BS_PreferenceShares_30_12_24_0,,Accounts,R118C7,,,,,
Cash_EIrepayableadvance_BaseYear_minus_2_0,,Accounts,R160C1,,,,,
BS_Row871_31_12_25_0,,Accounts,R87C8,,,,,
BS_Provisions_Grants_OtherReserves_31_12_25_0,0.0,Accounts,R121C8,,,,,
Info_NewMachinery_otherCapex_BaseYear_plus_3_0,29.5,Accounts,R24C6,,,,,
Info_OtherDividendsPaid_BaseYear_plus_2_0,,Accounts,R29C5,,,,,
PL_Purchases_31_12_21_0,1022.45,Accounts,R43C4,,,,,
Cash_EIgrant_BaseYear_plus_4_0,0.0,Accounts,R178C7,,,,,
Cash_Row1701_BaseYear_plus_5_0,,Accounts,R170C8,,,,,
Cash_OperatingCashInflow_Outflow_BaseYear_plus_2_0,48.900000000000006,Accounts,R146C5,,,,,
Cash_Row1531_BaseYear_0,,Accounts,R153C3,,,,,
Cash_NetClosingCashExclShortTermFacilities_BaseYear_plus_3_0,365.90000000000026,Accounts,R194C6,,,,,
BS_BankOverdraftFacilityLimitinProjectedYears_31_12_25_0,0.0,Accounts,R97C8,,,,,
Cash_Row1911_BaseYear_0,,Accounts,R191C3,,,,,
PL_GrossProfit_Loss_31_12_25_0,1209.0,Accounts,R47C8,,,,,
Cash_Otherfinancingrequirements_BaseYear_plus_5_0,0.0,Accounts,R163C8,,,,,
BS_TradeCreditors_31_12_20_0,109.0,Accounts,R100C3,,,,,
Cash_Group_BaseYear_plus_4_0,0.0,Accounts,R161C7,,,,,
BS_Inventory_31_12_19_0,198.0,Accounts,R89C2,,,,,
PL_Row721_31_12_25_0,,Accounts,R72C8,,,,,
Cash_Prepayments_OtherDebtors_BaseYear_minus_2_0,,Accounts,R141C1,,,,,
BS_Liabilities1Year_30_12_24_0,,Accounts,R106C7,,,,,
PL_OtherRDexpenditure_31_12_20_0,0.0,Accounts,R53C3,,,,,
Cash_WorkingCapitalIncrease_Decrease_BaseYear_plus_3_0,,Accounts,R138C6,,,,,
PL_AccountStatus_31_12_20_0,Actual,Accounts,R34C3,,,,,
PL_SellingGeneralAdminExpenses_31_12_25_0,569.6,Accounts,R49C8,,,,,
Cash_Totalfundinginjection_BaseYear_plus_3_0,0.0,Accounts,R185C6,,,,,
Cash_ProfitRetainedfortheYear_BaseYear_plus_3_0,113.79999999999998,Accounts,R134C6,,,,,
Cash_Ordequity_BaseYear_plus_2_0,0.0,Accounts,R165C5,,,,,
Info_YearEnd_BaseYear_plus_2_0,44926.0,Accounts,R12C5,,,,,
Info_DividendsPaidtoEI_BaseYear_minus_2_0,,Accounts,R28C1,,,,,
PL_OtherCostofGoodsSold_31_12_25_0,12.0,Accounts,R44C8,,,,,
Cash_Totalobligations_BaseYear_plus_5_0,0.0,Accounts,R167C8,,,,,
Cash_Row1881_BaseYear_0,,Accounts,R188C3,,,,,
Cash_Row1471_BaseYear_plus_3_0,,Accounts,R147C6,,,,,
BS_TradeDebtors_31_12_18_0,493.0,Accounts,R90C1,,,,,
Cash_Row1451_BaseYear_plus_1_0,,Accounts,R145C4,,,,,
Info_No.ofGlobalEmployeesyeinclIrishemployment_BaseYear_minus_2_0,21.0,Accounts,R13C1,,,,,
BS_Row1161_31_12_20_0,,Accounts,R116C3,,,,,
BS_TangibleFixedAssets_31_12_20_0,1381.0,Accounts,R84C3,,,,,
BS_EIGrantLiabilityThisapplicationonly_31_12_18_0,,Accounts,R111C1,,,,,
PL_DistributionSalesofOtherCosProduct_31_12_19_0,1.0,Accounts,R39C2,,,,,
Cash_Other_BaseYear_0,0.0,Accounts,R166C3,,,,,
PL_DirectLabour_31_12_20_0,971.0,Accounts,R42C3,,,,,
PL_RemittedProfitstoIrelandFromForeignSubsidiary_31_12_25_0,0.0,Accounts,R66C8,,,,,
PL_OwnProduct_ServiceProducedAbroadsoldAbroad_31_12_25_0,0.0,Accounts,R37C8,,,,,
PL_RDExpenditure_31_12_22_0,,Accounts,R54C5,,,,,
BS_LongTermLoans_31_12_20_0,88.0,Accounts,R107C3,,,,,
Info_OtherEquityInvestment_Divestment_BaseYear_plus_4_0,0.0,Accounts,R27C7,,,,,
PL_OtherOperatingExpenses_Gains_31_12_19_0,885.0,Accounts,R56C2,,,,,
Cash_AddbackDepreciation_Amortisation_BaseYear_minus_1_0,138.4,Accounts,R136C2,,,,,
PL_Tax_31_12_25_0,16.0,Accounts,R70C8,,,,,
Cash_CashavailableafterServicingFinancingObligations_BaseYear_plus_1_0,-209.69999999999976,Accounts,R169C4,,,,,
PL_NetProfit_Loss_31_12_22_0,42.0,Accounts,R71C5,,,,,
BS_NetCurrentAssets_31_12_25_0,590.5,Accounts,R104C8,,,,,
Info_DividendsPaidtoEI_BaseYear_plus_2_0,,Accounts,R28C5,,,,,
PL_RDSalaries_31_12_22_0,,Accounts,R52C5,,,,,
BS_PreferenceShares_31_12_23_0,,Accounts,R118C6,,,,,
Cash_Shorttermloans_Leasing_BaseYear_plus_3_0,-20.0,Accounts,R157C6,,,,,
PL_OperatingProfit_Loss_minus_EBITDA_30_12_24_0,,Accounts,R59C7,,,,,
PL_OperatingProfit_Loss_minus_EBITDA_31_12_21_0,,Accounts,R59C4,,,,,
PL_InterestPayable_31_12_18_0,,Accounts,R61C1,,,,,
PL_ProfitRetainedfortheYear_31_12_21_0,-296.1499999999998,Accounts,R74C4,,,,,
PL_Row481_31_12_22_0,,Accounts,R48C5,,,,,
Cash_Overdraft_BaseYear_plus_4_0,0.0,Accounts,R155C7,,,,,
PL_Row581_31_12_20_0,339.3000000000002,Accounts,R58C3,,,,,
BS_TotalCurrentAssets_31_12_22_0,894.5,Accounts,R94C5,,,,,
PL_Row691_31_12_22_0,,Accounts,R69C5,,,,,
PL_ProfitRetainedfortheYear_30_12_24_0,113.79999999999998,Accounts,R74C7,,,,,
Cash_TradeDebtors_BaseYear_plus_5_0,0.0,Accounts,R140C8,,,,,
PL_TotalSales_31_12_20_0,3218.0,Accounts,R40C3,,,,,
Cash_NetMovementinCash_BaseYear_plus_5_0,187.29999999999998,Accounts,R187C8,,,,,
BS_Directors_ShareholdersLoans_31_12_25_0,0.0,Accounts,R110C8,,,,,
Cash_TradeDebtors_BaseYear_minus_1_0,-191.0,Accounts,R140C2,,,,,
Cash_Total_BaseYear_0,-89.5,Accounts,R144C3,,,,,
Cash_CapitalExpenditure_BaseYear_plus_2_0,-30.0,Accounts,R150C5,,,,,
Info_PromotersEquityInvestment_Divestment_BaseYear_plus_5_0,0.0,Accounts,R26C8,,,,,
BS_Bank_Cash_31_12_20_0,542.0,Accounts,R91C3,,,,,
Info_Site_BuildingsModifications_BaseYear_plus_5_0,0.0,Accounts,R23C8,,,,,
Info_No.ofGlobalEmployeesyeinclIrishemployment_BaseYear_minus_1_0,32.0,Accounts,R13C2,,,,,
Info_No.ofGlobalEmployeesyeinclIrishemployment_BaseYear_plus_5_0,67.0,Accounts,R13C8,,,,,
PL_Depreciation_31_12_23_0,103.0,Accounts,R63C6,,,,,
Cash_CashavailableforServicingFinancingObligations_BaseYear_plus_5_0,187.29999999999998,Accounts,R152C8,,,,,
Cash_Row1701_BaseYear_plus_3_0,,Accounts,R170C6,,,,,
BS_TangibleFixedAssets_31_12_21_0,1287.8,Accounts,R84C4,,,,,
BS_Row1141_31_12_25_0,,Accounts,R114C8,,,,,
Cash_Directorsloans_BaseYear_plus_5_0,0.0,Accounts,R162C8,,,,,
BS_CurrentAssets_31_12_20_0,,Accounts,R88C3,,,,,
PL_Row551_31_12_25_0,0.0,Accounts,R55C8,,,,,
Info_OtherDividendsPaid_BaseYear_plus_4_0,,Accounts,R29C7,,,,,
PL_DirectLabour_31_12_23_0,1180.0,Accounts,R42C6,,,,,
BS_RetainedEarnings_31_12_22_0,1383.0,Accounts,R122C5,,,,,
BS_Row1161_31_12_25_0,,Accounts,R116C8,,,,,
Cash_EIgrant_BaseYear_plus_2_0,0.0,Accounts,R178C5,,,,,
Cash_AddbackDepreciation_Amortisation_BaseYear_0,173.0,Accounts,R136C3,,,,,
Cash_NetMovementinCash_BaseYear_minus_1_0,-27.899999999999977,Accounts,R187C2,,,,,
PL_Purchases_30_12_24_0,1410.0,Accounts,R43C7,,,,,
Info_PromotersEquityInvestment_Divestment_BaseYear_minus_1_0,,Accounts,R26C2,,,,,
BS_TradeDebtors_31_12_23_0,639.6,Accounts,R90C6,,,,,
Cash_Row1881_BaseYear_minus_1_0,,Accounts,R188C2,,,,,
BS_BankOverdraftFacilityLimitinProjectedYears_31_12_23_0,0.0,Accounts,R97C6,,,,,
Cash_Row1371_BaseYear_plus_1_0,,Accounts,R137C4,,,,,
PL_TotalSales_31_12_19_0,3983.0,Accounts,R40C2,,,,,
PL_GrantAmortisationThisapplicationonly_31_12_20_0,,Accounts,R65C3,,,,,
PL_RDSalaries_30_12_24_0,0.0,Accounts,R52C7,,,,,
PL_GrossProfit_Loss_31_12_23_0,1209.0,Accounts,R47C6,,,,,
PL_OperatingExpenditure_31_12_23_0,,Accounts,R57C6,,,,,
Cash_IDfacility_BaseYear_minus_1_0,0.0,Accounts,R156C2,,,,,
PL_NetProfit_Loss_31_12_25_0,113.79999999999998,Accounts,R71C8,,,,,
BS_Prepayments_OtherDebtors_31_12_22_0,110.0,Accounts,R93C5,,,,,
BS_Row871_31_12_19_0,,Accounts,R87C2,,,,,
PL_RDExpenditure_31_12_18_0,,Accounts,R54C1,,,,,
Cash_ProfitRetainedfortheYear_BaseYear_plus_5_0,113.79999999999998,Accounts,R134C8,,,,,
Cash_WorkingCapitalIncrease_Decrease_BaseYear_plus_1_0,,Accounts,R138C4,,,,,
Cash_ClosingCashInclFacilitiesi.e.availablecash_BaseYear_0,,Accounts,R190C3,,,,,
Cash_Totalobligations_BaseYear_plus_3_0,-44.0,Accounts,R167C6,,,,,
PL_DistributionSalesofOtherCosProduct_31_12_25_0,1.0,Accounts,R39C8,,,,,
PL_OtherOperatingExpenses_Gains_31_12_22_0,965.0,Accounts,R56C5,,,,,
PL_Non_minus_OperatingExpenses_Gains_31_12_18_0,-8.0,Accounts,R67C1,,,,,
Cash_Row1681_BaseYear_minus_1_0,,Accounts,R168C2,,,,,
Cash_Row1911_BaseYear_plus_5_0,,Accounts,R191C8,,,,,
PL_Row691_31_12_23_0,,Accounts,R69C6,,,,,
Cash_Overdraft_BaseYear_plus_1_0,0.0,Accounts,R155C4,,,,,
BS_Bank_Cash_31_12_25_0,0.0,Accounts,R91C8,,,,,
BS_ConnectedParties_InterCompanyLoans_31_12_20_0,,Accounts,R92C3,,,,,
Cash_WorkingCapitalIncrease_Decrease_BaseYear_minus_2_0,,Accounts,R138C1,,,,,
Cash_OpeningCashBalance_minus_includesFacilities_BaseYear_0,,Accounts,R189C3,,,,,
Cash_Row1471_BaseYear_plus_5_0,,Accounts,R147C8,,,,,
PL_Row581_31_12_25_0,204.39999999999998,Accounts,R58C8,,,,,
Cash_CapitalExpenditure_BaseYear_plus_1_0,-29.499999999999957,Accounts,R150C4,,,,,
BS_Liabilities1Year_31_12_18_0,,Accounts,R106C1,,,,,
PL_Row721_31_12_22_0,,Accounts,R72C5,,,,,
BS_Provisions_Grants_OtherReserves_31_12_22_0,0.0,Accounts,R121C5,,,,,
PL_OwnProduct_ServiceProducedAbroadsoldAbroad_31_12_23_0,,Accounts,R37C6,,,,,
Cash_Servicingoffunding_BaseYear_plus_2_0,,Accounts,R154C5,,,,,
PL_IndirectLabourexcludingRDSalaries_31_12_18_0,350.0,Accounts,R50C1,,,,,
BS_EIEquityAssistanceThisapplicationonly_31_12_25_0,0.0,Accounts,R119C8,,,,,
Cash_OperatingCashInflow_Outflow_BaseYear_plus_3_0,162.7,Accounts,R146C6,,,,,
PL_DividendsseeRows3031_30_12_24_0,0.0,Accounts,R73C7,,,,,
PL_OwnProduct_ServiceProducedSoldinIreland_31_12_20_0,2405.0,Accounts,R38C3,,,,,
PL_Sales_31_12_18_0,€000's,Accounts,R35C1,,,,,
BS_Leases_31_12_19_0,,Accounts,R108C2,,,,,
PL_Tax_31_12_23_0,16.0,Accounts,R70C6,,,,,
Cash_CashFlowStatementFortheyearended_BaseYear_plus_1_0,,Accounts,R133C4,,,,,
PL_OtherRDexpenditure_31_12_23_0,0.0,Accounts,R53C6,,,,,
BS_PreferenceShares_31_12_25_0,,Accounts,R118C8,,,,,
BS_FixedAssets_31_12_20_0,,Accounts,R82C3,,,,,
Info_Site_BuildingsModifications_BaseYear_minus_1_0,,Accounts,R23C2,,,,,
BS_Row951_31_12_18_0,,Accounts,R95C1,,,,,
BS_EIGrantLiabilityThisapplicationonly_31_12_20_0,,Accounts,R111C3,,,,,
Cash_Totalfundinginjection_BaseYear_plus_4_0,0.0,Accounts,R185C7,,,,,
Info_BankOverdraftFacilityLimitforProjectedYears_BaseYear_plus_2_0,,Accounts,R20C5,,,,,
Cash_Preferredequity_BaseYear_minus_2_0,,Accounts,R164C1,,,,,
Cash_Other_BaseYear_plus_2_0,0.0,Accounts,R166C5,,,,,
Info_No.ofIrishBasedEmployeesye_BaseYear_plus_5_0,50.0,Accounts,R14C8,,,,,
PL_AccountStatus_30_12_24_0,Projected,Accounts,R34C7,,,,,
PL_CostofSales_31_12_25_0,2602.0,Accounts,R45C8,,,,,
Info_No.ofGlobalEmployeesyeinclIrishemployment_BaseYear_plus_3_0,67.0,Accounts,R13C6,,,,,
BS_Row1161_31_12_23_0,,Accounts,R116C6,,,,,
Cash_Row1701_BaseYear_plus_1_0,,Accounts,R170C4,,,,,
BS_TangibleFixedAssets_31_12_23_0,1132.3,Accounts,R84C6,,,,,
BS_Row1141_31_12_23_0,,Accounts,R114C6,,,,,
Cash_Stocks_BaseYear_plus_4_0,0.0,Accounts,R139C7,,,,,
Cash_CashavailableforServicingFinancingObligations_BaseYear_plus_3_0,133.2,Accounts,R152C6,,,,,
PL_GrossProfit_Loss_31_12_21_0,663.5500000000002,Accounts,R47C4,,,,,
PL_Row601_31_12_22_0,0.0,Accounts,R60C5,,,,,
BS_InvoicediscountingYEBalance_31_12_25_0,0.0,Accounts,R98C8,,,,,
BS_TotalLiabilities1Year_31_12_18_0,0.0,Accounts,R113C1,,,,,
BS_ShortTermloans_Leasing1year_30_12_24_0,22.0,Accounts,R99C7,,,,,
BS_ConnectedParties_InterCompanyLoans_31_12_22_0,,Accounts,R92C5,,,,,
Cash_Shorttermloans_Leasing_BaseYear_minus_2_0,,Accounts,R157C1,,,,,
Cash_Directorsloans_BaseYear_plus_3_0,0.0,Accounts,R162C6,,,,,
BS_CurrentAssets_31_12_22_0,,Accounts,R88C5,,,,,
PL_SellingGeneralAdminExpenses_31_12_18_0,512.0,Accounts,R49C1,,,,,
BS_Investments_31_12_18_0,,Accounts,R85C1,,,,,
PL_DirectLabour_31_12_25_0,1180.0,Accounts,R42C8,,,,,
Cash_Row1511_BaseYear_plus_5_0,,Accounts,R151C8,,,,,
BS_OtherLongTermLiabilitiesinclEIRepayableAdvances_31_12_18_0,,Accounts,R112C1,,,,,
Cash_Newfunding_BaseYear_0,,Accounts,R171C3,,,,,
BS_BankOverdraftFacilityLimitinProjectedYears_31_12_21_0,0.0,Accounts,R97C4,,,,,
Cash_CashavailableforServicingFinancingObligations_BaseYear_minus_1_0,-28.899999999999977,Accounts,R152C2,,,,,
PL_OwnProduct_ServiceProducedinIrelandExported_31_12_20_0,811.0,Accounts,R36C3,,,,,
PL_GrantAmortisationThisapplicationonly_31_12_22_0,0.0,Accounts,R65C5,,,,,
PL_OperatingExpenditure_31_12_21_0,,Accounts,R57C4,,,,,
BS_TradeDebtors_31_12_25_0,639.6,Accounts,R90C8,,,,,
BS_Directors_ShareholdersLoans_31_12_18_0,,Accounts,R110C1,,,,,
BS_Row811_31_12_18_0,€000's,Accounts,R81C1,,,,,
Info_TotalIrishLabourCosts000s_BaseYear_0,1311.0,Accounts,R17C3,,,,,
BS_Prepayments_OtherDebtors_31_12_20_0,120.0,Accounts,R93C3,,,,,
PL_OtherOperatingExpenses_Gains_31_12_20_0,690.0,Accounts,R56C3,,,,,
Cash_Capex_minus_Intangible_BaseYear_minus_2_0,,Accounts,R149C1,,,,,
Cash_Totalobligations_BaseYear_plus_1_0,-89.94999999999999,Accounts,R167C4,,,,,
Cash_Row1351_BaseYear_minus_2_0,,Accounts,R135C1,,,,,
BS_TotalCurrentLiabilities_31_12_20_0,361.45,Accounts,R102C3,,,,,
Cash_Capex_minus_Tangible_BaseYear_minus_1_0,-718.4,Accounts,R148C2,,,,,
PL_Row581_31_12_23_0,204.39999999999998,Accounts,R58C6,,,,,
Cash_Overdraft_BaseYear_0,0.0,Accounts,R155C3,,,,,
Info_No.ofGlobalEmployeesyeinclIrishemployment_CurrentYear_0,38.0,Accounts,R13C4,,,,,
BS_TotalFixedAssets_31_12_22_0,1205.8,Accounts,R86C5,,,,,
Info_PromotersEquityInvestment_Divestment_BaseYear_plus_2_0,,Accounts,R26C5,,,,,
BS_Bank_Cash_31_12_23_0,0.0,Accounts,R91C6,,,,,
PL_Row691_31_12_25_0,,Accounts,R69C8,,,,,
PL_Interest_DividendsReceivable_31_12_19_0,0.0,Accounts,R62C2,,,,,
BS_CurrentLiabilities_30_12_24_0,,Accounts,R96C7,,,,,
BS_Provisions_Grants_OtherReserves_31_12_20_0,,Accounts,R121C3,,,,,
PL_Row721_31_12_20_0,,Accounts,R72C3,,,,,
PL_OwnProduct_ServiceProducedAbroadsoldAbroad_30_12_24_0,0.0,Accounts,R37C7,,,,,
PL_Amortisation_30_12_24_0,0.0,Accounts,R64C7,,,,,
PL_Amortisation_31_12_21_0,,Accounts,R64C4,,,,,
BS_OrdinarySharesSharePremium_31_12_19_0,,Accounts,R120C2,,,,,
Cash_Servicingoffunding_BaseYear_plus_4_0,,Accounts,R154C7,,,,,
PL_OwnProduct_ServiceProducedAbroadsoldAbroad_31_12_21_0,,Accounts,R37C4,,,,,
Cash_NetMovementinCash_BaseYear_0,359.75000000000017,Accounts,R187C3,,,,,
Info_IntangibleassetExclCapitalisedRD_CurrentYear_0,,Accounts,R25C4,,,,,
Info_BankOverdraftFacilityLimitforProjectedYears_BaseYear_plus_4_0,0.0,Accounts,R20C7,,,,,
PL_OwnProduct_ServiceProducedSoldinIreland_31_12_22_0,2439.0,Accounts,R38C5,,,,,
Cash_OperatingCashInflow_Outflow_BaseYear_plus_5_0,216.79999999999998,Accounts,R146C8,,,,,
BS_NetCurrentAssets_30_12_24_0,590.5,Accounts,R104C7,,,,,
PL_Tax_31_12_21_0,-43.0,Accounts,R70C4,,,,,
PL_Tax_30_12_24_0,16.0,Accounts,R70C7,,,,,
BS_CurrentLiabilities_31_12_21_0,,Accounts,R96C4,,,,,
Info_IntangibleassetExclCapitalisedRD_BaseYear_plus_2_0,,Accounts,R25C5,,,,,
Info_BankOverdraftFacilityLimitforProjectedYears_BaseYear_0,,Accounts,R20C3,,,,,
BS_NetCurrentAssets_31_12_21_0,399.79999999999995,Accounts,R104C4,,,,,
BS_FixedAssets_31_12_22_0,,Accounts,R82C5,,,,,
Cash_OpeningCashBalance_minus_includesFacilities_BaseYear_minus_2_0,,Accounts,R189C1,,,,,
PL_Row411_31_12_18_0,,Accounts,R41C1,,,,,
Info_InvoicediscountingProjectedYearEndBalance_BaseYear_plus_5_0,0.0,Accounts,R21C8,,,,,
BS_Row1051_31_12_18_0,,Accounts,R105C1,,,,,
Info_DividendsPaidtoEI_BaseYear_0,,Accounts,R28C3,,,,,
Info_OtherDividendsPaid_CurrentYear_0,,Accounts,R29C4,,,,,
BS_Row811_30_12_24_0,€000's,Accounts,R81C7,,,,,
BS_EIEquityAssistanceThisapplicationonly_31_12_23_0,,Accounts,R119C6,,,,,
Info_No.ofIrishBasedEmployeesye_BaseYear_plus_3_0,50.0,Accounts,R14C6,,,,,
PL_CostofSales_31_12_23_0,2602.0,Accounts,R45C6,,,,,
PL_OtherCostofGoodsSold_31_12_20_0,13.7,Accounts,R44C3,,,,,
PL_Depreciation_31_12_25_0,103.0,Accounts,R63C8,,,,,
Cash_Longtermloans_BaseYear_minus_1_0,0.0,Accounts,R158C2,,,,,
PL_OtherRDexpenditure_31_12_25_0,0.0,Accounts,R53C8,,,,,
BS_TangibleFixedAssets_31_12_25_0,985.3,Accounts,R84C8,,,,,
BS_Row1141_31_12_21_0,,Accounts,R114C4,,,,,
Info_CapitalisedRD000s_BaseYear_plus_5_0,0.0,Accounts,R18C8,,,,,
BS_Inventory_31_12_20_0,197.5,Accounts,R89C3,,,,,
BS_TotalCurrentLiabilities_31_12_18_0,592.0,Accounts,R102C1,,,,,
Info_No.ofGlobalRDEmployeesye_BaseYear_minus_1_0,14.0,Accounts,R15C2,,,,,
Cash_Directorsloans_BaseYear_plus_1_0,0.0,Accounts,R162C4,,,,,
PL_Depreciation_30_12_24_0,103.0,Accounts,R63C7,,,,,
Cash_Stocks_BaseYear_plus_2_0,0.5,Accounts,R139C5,,,,,
Cash_CashavailableforServicingFinancingObligations_BaseYear_plus_1_0,-119.74999999999979,Accounts,R152C4,,,,,
BS_TradeDebtors_30_12_24_0,639.6,Accounts,R90C7,,,,,
BS_InvoicediscountingYEBalance_31_12_23_0,0.0,Accounts,R98C6,,,,,
Cash_Row1531_BaseYear_minus_2_0,,Accounts,R153C1,,,,,
BS_Row871_30_12_24_0,,Accounts,R87C7,,,,,
Cash_TradeCreditors_BaseYear_minus_2_0,,Accounts,R142C1,,,,,
Cash_Row1311_BaseYear_minus_2_0,€000's,Accounts,R131C1,,,,,
PL_InterestPayable_31_12_25_0,6.0,Accounts,R61C8,,,,,
BS_Bank_Cash_31_12_18_0,302.0,Accounts,R91C1,,,,,
Info_VAT_PAYE_PRSIpaid_Receivedinyear_BaseYear_minus_2_0,262.0,Accounts,R19C1,,,,,
BS_Investments_31_12_23_0,,Accounts,R85C6,,,,,
Cash_Row1371_BaseYear_plus_5_0,,Accounts,R137C8,,,,,
Cash_Leasing_BaseYear_plus_5_0,0.0,Accounts,R159C8,,,,,
Cash_Row1511_BaseYear_plus_3_0,,Accounts,R151C6,,,,,
PL_OwnProduct_ServiceProducedinIrelandExported_31_12_22_0,1100.0,Accounts,R36C5,,,,,
BS_Financedby_31_12_21_0,,Accounts,R117C4,,,,,
Cash_Longtermloans_BaseYear_0,0.0,Accounts,R158C3,,,,,
PL_OperatingExpenditure_30_12_24_0,,Accounts,R57C7,,,,,
Cash_Total_BaseYear_minus_1_0,-179.0,Accounts,R144C2,,,,,
BS_Liabilities1Year_31_12_25_0,,Accounts,R106C8,,,,,
BS_TradeCreditors_31_12_18_0,252.0,Accounts,R100C1,,,,,
Cash_Row1371_BaseYear_0,,Accounts,R137C3,,,,,
PL_RemittedProfitstoIrelandFromForeignSubsidiary_31_12_18_0,,Accounts,R66C1,,,,,
Info_VAT_PAYE_PRSIpaid_Receivedinyear_BaseYear_plus_5_0,803.0,Accounts,R19C8,,,,,
PL_DividendsseeRows3031_31_12_23_0,,Accounts,R73C6,,,,,
BS_ShortTermloans_Leasing1year_31_12_18_0,10.0,Accounts,R99C1,,,,,
Cash_AddbackDepreciation_Amortisation_BaseYear_plus_3_0,103.0,Accounts,R136C6,,,,,
BS_Row1031_31_12_19_0,,Accounts,R103C2,,,,,
PL_DistributionSalesofOtherCosProduct_31_12_21_0,1.0,Accounts,R39C4,,,,,
BS_Accruals_OtherCreditors_31_12_21_0,161.0,Accounts,R101C4,,,,,
BS_TotalFixedAssets_31_12_20_0,1381.0,Accounts,R86C3,,,,,
Cash_ClosingCashInclFacilitiesi.e.availablecash_BaseYear_plus_4_0,553.2000000000003,Accounts,R190C7,,,,,
Cash_Accruals_OtherCreditors_BaseYear_plus_4_0,0.0,Accounts,R143C7,,,,,
Info_No.ofIrishBasedRDEmployeesye_BaseYear_minus_1_0,,Accounts,R16C2,,,,,
BS_NetCurrentAssets_31_12_19_0,708.0,Accounts,R104C2,,,,,
PL_RDSalaries_31_12_19_0,,Accounts,R52C2,,,,,
PL_OperatingProfit_Loss_minus_EBITDA_31_12_19_0,,Accounts,R59C2,,,,,
Cash_Row1911_BaseYear_plus_1_0,,Accounts,R191C4,,,,,
BS_Row1051_31_12_23_0,,Accounts,R105C6,,,,,
BS_PreferenceShares_31_12_18_0,,Accounts,R118C1,,,,,
Cash_Row1681_BaseYear_plus_4_0,,Accounts,R168C7,,,,,
BS_Row951_31_12_25_0,,Accounts,R95C8,,,,,
Cash_Stocks_BaseYear_minus_1_0,4.0,Accounts,R139C2,,,,,
Cash_Capex_minus_Intangible_BaseYear_plus_3_0,0.0,Accounts,R149C6,,,,,
PL_IndirectLabourexcludingRDSalaries_31_12_25_0,435.0,Accounts,R50C8,,,,,
Cash_Row1881_BaseYear_plus_1_0,,Accounts,R188C4,,,,,
Cash_Overdraft_BaseYear_minus_2_0,,Accounts,R155C1,,,,,
Cash_Accruals_OtherCreditors_BaseYear_0,-88.0,Accounts,R143C3,,,,,
PL_SellingGeneralAdminExpenses_31_12_20_0,350.0,Accounts,R49C3,,,,,
Cash_Row1701_BaseYear_minus_1_0,,Accounts,R170C2,,,,,
PL_OtherCostofGoodsSold_31_12_18_0,216.0,Accounts,R44C1,,,,,
Cash_ClosingCashInclFacilitiesi.e.availablecash_BaseYear_minus_1_0,,Accounts,R190C2,,,,,
PL_Row581_31_12_18_0,169.0999999999999,Accounts,R58C1,,,,,
BS_LongTermLoans_31_12_19_0,,Accounts,R107C2,,,,,
PL_AccountStatus_31_12_18_0,Audited,Accounts,R34C1,,,,,
Cash_CashFlowStatementFortheyearended_BaseYear_plus_5_0,,Accounts,R133C8,,,,,
Cash_InvoiceDiscountingBalance_BaseYear_plus_4_0,0.0,Accounts,R193C7,,,,,
PL_Row551_31_12_18_0,,Accounts,R55C1,,,,,
BS_TotalLiabilities1Year_31_12_23_0,0.0,Accounts,R113C6,,,,,
Cash_Row1311_BaseYear_plus_4_0,€000's,Accounts,R131C7,,,,,
Info_VAT_PAYE_PRSIpaid_Receivedinyear_CurrentYear_0,692.0,Accounts,R19C4,,,,,
Cash_Newfunding_BaseYear_plus_5_0,,Accounts,R171C8,,,,,
BS_CurrentLiabilities_31_12_19_0,,Accounts,R96C2,,,,,
BS_EIEquityAssistanceThisapplicationonly_31_12_18_0,,Accounts,R119C1,,,,,
Cash_Row1511_BaseYear_minus_1_0,,Accounts,R151C2,,,,,
PL_Amortisation_31_12_19_0,,Accounts,R64C2,,,,,
BS_Row1161_31_12_18_0,,Accounts,R116C1,,,,,
Cash_CashavailableforServicingFinancingObligations_BaseYear_0,140.30000000000018,Accounts,R152C3,,,,,
Info_InvoicediscountingProjectedYearEndBalance_BaseYear_plus_3_0,,Accounts,R21C6,,,,,
PL_Row461_31_12_20_0,,Accounts,R46C3,,,,,
BS_OtherLongTermLiabilitiesinclEIRepayableAdvances_31_12_23_0,0.0,Accounts,R112C6,,,,,
PL_IndirectLabourexcludingRDSalaries_30_12_24_0,435.0,Accounts,R50C7,,,,,
Cash_Accruals_OtherCreditors_BaseYear_minus_1_0,-44.0,Accounts,R143C2,,,,,
BS_ShareholdersFunds_31_12_22_0,1383.0,Accounts,R123C5,,,,,
BS_Row951_30_12_24_0,,Accounts,R95C7,,,,,
PL_Depreciation_31_12_21_0,122.7,Accounts,R63C4,,,,,
Cash_Prepayments_OtherDebtors_BaseYear_plus_4_0,0.0,Accounts,R141C7,,,,,
Info_Site_BuildingsModifications_BaseYear_plus_3_0,,Accounts,R23C6,,,,,
BS_Inventory_31_12_22_0,197.0,Accounts,R89C5,,,,,
Cash_Capex_minus_Tangible_BaseYear_plus_2_0,-30.0,Accounts,R148C5,,,,,
Info_CapitalisedRD000s_BaseYear_plus_3_0,,Accounts,R18C6,,,,,
Info_No.ofGlobalEmployeesyeinclIrishemployment_BaseYear_0,34.0,Accounts,R13C3,,,,,
Cash_Overdraft_new_BaseYear_plus_4_0,0.0,Accounts,R172C7,,,,,
PL_InterestPayable_31_12_23_0,6.0,Accounts,R61C6,,,,,
BS_Investments_31_12_25_0,0.0,Accounts,R85C8,,,,,
BS_TradeDebtors_31_12_21_0,430.0,Accounts,R90C4,,,,,
Cash_Leasing_BaseYear_plus_3_0,0.0,Accounts,R159C6,,,,,
Cash_OperatingCashInflow_Outflow_BaseYear_0,291.3000000000002,Accounts,R146C3,,,,,
Cash_Row1511_BaseYear_plus_1_0,,Accounts,R151C4,,,,,
BS_NetAssets_31_12_22_0,1722.0,Accounts,R115C5,,,,,
Cash_Row1371_BaseYear_plus_3_0,,Accounts,R137C6,,,,,
Cash_Row1511_BaseYear_0,,Accounts,R151C3,,,,,
PL_InterestPayable_30_12_24_0,6.0,Accounts,R61C7,,,,,
Cash_CapitalExpenditure_BaseYear_0,-151.0,Accounts,R150C3,,,,,
PL_Row691_31_12_18_0,,Accounts,R69C1,,,,,
Info_DividendsPaidtoEI_CurrentYear_0,,Accounts,R28C4,,,,,
PL_OperatingExpenditure_31_12_25_0,,Accounts,R57C8,,,,,
BS_Financedby_30_12_24_0,,Accounts,R117C7,,,,,
Cash_Totalobligations_BaseYear_minus_2_0,,Accounts,R167C1,,,,,
PL_DividendsseeRows3031_31_12_21_0,,Accounts,R73C4,,,,,
Cash_TradeCreditors_BaseYear_plus_1_0,24.599999999999994,Accounts,R142C4,,,,,
PL_DistributionSalesofOtherCosProduct_30_12_24_0,1.0,Accounts,R39C7,,,,,
Cash_AddbackDepreciation_Amortisation_BaseYear_plus_5_0,103.0,Accounts,R136C8,,,,,
Info_YearEnd_BaseYear_minus_1_0,43830.0,Accounts,R12C2,,,,,
PL_DistributionSalesofOtherCosProduct_31_12_23_0,1.0,Accounts,R39C6,,,,,
Cash_Row1881_BaseYear_plus_5_0,,Accounts,R188C8,,,,,
Cash_Total_BaseYear_plus_4_0,0.0,Accounts,R144C7,,,,,
BS_Accruals_OtherCreditors_31_12_23_0,116.60000000000001,Accounts,R101C6,,,,,
Cash_Row1911_BaseYear_minus_2_0,,Accounts,R191C1,,,,,
BS_InvoicediscountingYEBalance_31_12_21_0,0.0,Accounts,R98C4,,,,,
Cash_Preferredequity_BaseYear_plus_1_0,0.0,Accounts,R164C4,,,,,
Cash_ClosingCashInclFacilitiesi.e.availablecash_BaseYear_plus_2_0,276.7000000000003,Accounts,R190C5,,,,,
PL_Row511_31_12_19_0,,Accounts,R51C2,,,,,
PL_Profit_LossbeforeTax_31_12_20_0,236.80000000000018,Accounts,R68C3,,,,,
Info_TotalIrishLabourCosts000s_BaseYear_plus_3_0,1615.0,Accounts,R17C6,,,,,
Cash_Accruals_OtherCreditors_BaseYear_plus_2_0,-13.900000000000006,Accounts,R143C5,,,,,
BS_Accruals_OtherCreditors_30_12_24_0,116.60000000000001,Accounts,R101C7,,,,,
Cash_Row1911_BaseYear_plus_3_0,,Accounts,R191C6,,,,,
Cash_Capex_minus_Intangible_BaseYear_plus_5_0,0.0,Accounts,R149C8,,,,,
Cash_Row1681_BaseYear_plus_2_0,,Accounts,R168C5,,,,,
BS_Row951_31_12_23_0,,Accounts,R95C6,,,,,
Cash_CashFlowStatementFortheyearended_BaseYear_minus_1_0,,Accounts,R133C2,,,,,
PL_IndirectLabourexcludingRDSalaries_31_12_23_0,435.0,Accounts,R50C6,,,,,
PL_Non_minus_OperatingExpenses_Gains_31_12_25_0,-34.4,Accounts,R67C8,,,,,
BS_Row1051_31_12_25_0,,Accounts,R105C8,,,,,
Info_TotalIrishLabourCosts000s_BaseYear_minus_2_0,1059.45,Accounts,R17C1,,,,,
Cash_Totalfundinginjection_BaseYear_minus_2_0,,Accounts,R185C1,,,,,
Cash_Row1881_BaseYear_plus_3_0,,Accounts,R188C6,,,,,
PL_Purchases_31_12_19_0,1269.0,Accounts,R43C2,,,,,
Cash_Row1351_BaseYear_plus_2_0,,Accounts,R135C5,,,,,
Cash_Ordequity_BaseYear_minus_2_0,,Accounts,R165C1,,,,,
Cash_Row1531_BaseYear_plus_2_0,,Accounts,R153C5,,,,,
PL_Row481_31_12_19_0,,Accounts,R48C2,,,,,
Cash_CashFlowStatementFortheyearended_BaseYear_plus_3_0,,Accounts,R133C6,,,,,
Cash_InvoiceDiscountingBalance_BaseYear_plus_2_0,0.0,Accounts,R193C5,,,,,
PL_NetProfit_Loss_31_12_18_0,122.09999999999991,Accounts,R71C1,,,,,
BS_TotalLiabilities1Year_31_12_25_0,0.0,Accounts,R113C8,,,,,
Cash_Row1311_BaseYear_plus_2_0,€000's,Accounts,R131C5,,,,,
Info_OtherDividendsPaid_BaseYear_minus_1_0,,Accounts,R29C2,,,,,
Info_No.ofIrishBasedEmployeesye_CurrentYear_0,22.0,Accounts,R14C4,,,,,
Cash_EIrepayableadvance_BaseYear_plus_5_0,0.0,Accounts,R160C8,,,,,
Cash_Row1861_BaseYear_plus_4_0,,Accounts,R186C7,,,,,
Cash_InvoiceDiscountingBalance_BaseYear_minus_1_0,,Accounts,R193C2,,,,,
BS_EIGrantLiabilityThisapplicationonly_31_12_22_0,0.0,Accounts,R111C5,,,,,
Cash_Other_BaseYear_plus_4_0,0.0,Accounts,R166C7,,,,,
PL_Sales_31_12_20_0,€000's,Accounts,R35C3,,,,,
PL_Row461_31_12_22_0,,Accounts,R46C5,,,,,
PL_ProfitRetainedfortheYear_31_12_18_0,122.09999999999991,Accounts,R74C1,,,,,
BS_OtherLongTermLiabilitiesinclEIRepayableAdvances_31_12_25_0,0.0,Accounts,R112C8,,,,,
Cash_ProfitRetainedfortheYear_BaseYear_minus_1_0,730.1,Accounts,R134C2,,,,,
Info_No.ofGlobalRDEmployeesye_BaseYear_plus_2_0,16.0,Accounts,R15C5,,,,,
BS_Row811_31_12_25_0,€000's,Accounts,R81C8,,,,,
Info_No.ofIrishBasedRDEmployeesye_BaseYear_plus_4_0,0.0,Accounts,R16C7,,,,,
PL_InterestPayable_31_12_21_0,7.0,Accounts,R61C4,,,,,
BS_Row951_31_12_22_0,,Accounts,R95C5,,,,,
Cash_CashFlowStatementFortheyearended_BaseYear_minus_2_0,,Accounts,R133C1,,,,,
Cash_Row1861_BaseYear_minus_2_0,,Accounts,R186C1,,,,,
BS_Prepayments_OtherDebtors_31_12_18_0,155.0,Accounts,R93C1,,,,,
Cash_Capex_minus_Tangible_BaseYear_plus_4_0,-29.5,Accounts,R148C7,,,,,
PL_RDExpenditure_31_12_21_0,,Accounts,R54C4,,,,,
Cash_CashavailableafterServicingFinancingObligations_BaseYear_minus_2_0,,Accounts,R169C1,,,,,
PL_OtherOperatingExpenses_Gains_31_12_18_0,862.0,Accounts,R56C1,,,,,
BS_TotalCurrentAssets_31_12_19_0,1401.0,Accounts,R94C2,,,,,
Info_No.ofIrishBasedEmployeesye_BaseYear_minus_1_0,18.0,Accounts,R14C2,,,,,
Cash_CashavailableafterServicingFinancingObligations_BaseYear_plus_2_0,-55.599999999999994,Accounts,R169C5,,,,,
Cash_Row1531_BaseYear_plus_5_0,,Accounts,R153C8,,,,,
PL_DirectLabour_31_12_19_0,801.0,Accounts,R42C2,,,,,
PL_OwnProduct_ServiceProducedAbroadsoldAbroad_31_12_19_0,0.0,Accounts,R37C2,,,,,
Info_No.ofIrishBasedRDEmployeesye_BaseYear_0,,Accounts,R16C3,,,,,
Cash_Row1321_BaseYear_plus_3_0,,Accounts,R132C6,,,,,
BS_TotalLiabilities1Year_31_12_20_0,88.0,Accounts,R113C3,,,,,
BS_OrdinarySharesSharePremium_30_12_24_0,0.0,Accounts,R120C7,,,,,
Cash_EIrepayableadvance_BaseYear_plus_4_0,0.0,Accounts,R160C7,,,,,
PL_Interest_DividendsReceivable_31_12_25_0,0.0,Accounts,R62C8,,,,,
Cash_IDfacility_BaseYear_plus_2_0,0.0,Accounts,R156C5,,,,,
Info_No.ofGlobalRDEmployeesye_BaseYear_0,16.0,Accounts,R15C3,,,,,
Cash_EIgrant_BaseYear_minus_1_0,,Accounts,R178C2,,,,,
PL_ProfitRetainedfortheYear_31_12_22_0,42.0,Accounts,R74C5,,,,,
PL_Sales_31_12_21_0,€000's,Accounts,R35C4,,,,,
Cash_Total_BaseYear_plus_2_0,-105.1,Accounts,R144C5,,,,,
PL_Non_minus_OperatingExpenses_Gains_31_12_21_0,-53.0,Accounts,R67C4,,,,,
BS_FixedAssets_31_12_19_0,,Accounts,R82C2,,,,,
BS_Directors_ShareholdersLoans_31_12_20_0,,Accounts,R110C3,,,,,
PL_TotalSales_31_12_23_0,3811.0,Accounts,R40C6,,,,,
Cash_NetMovementinCash_BaseYear_plus_2_0,-55.599999999999994,Accounts,R187C5,,,,,
PL_Row721_31_12_19_0,,Accounts,R72C2,,,,,
Cash_TradeCreditors_BaseYear_plus_3_0,18.5,Accounts,R142C6,,,,,
BS_Inventory_31_12_25_0,197.0,Accounts,R89C8,,,,,
Info_No.ofGlobalRDEmployeesye_BaseYear_plus_5_0,17.0,Accounts,R15C8,,,,,
BS_BankOverdraftFacilityLimitinProjectedYears_31_12_19_0,0.0,Accounts,R97C2,,,,,
Cash_Overdraft_new_BaseYear_plus_1_0,0.0,Accounts,R172C4,,,,,
PL_IndirectLabourexcludingRDSalaries_31_12_21_0,412.0,Accounts,R50C4,,,,,
Info_InvoicediscountingProjectedYearEndBalance_BaseYear_minus_2_0,,Accounts,R21C1,,,,,
PL_Non_minus_OperatingExpenses_Gains_31_12_23_0,-34.4,Accounts,R67C6,,,,,
Cash_Prepayments_OtherDebtors_BaseYear_plus_1_0,-0.4000000000000057,Accounts,R141C4,,,,,
BS_CurrentAssets_31_12_18_0,,Accounts,R88C1,,,,,
Cash_Longtermloans_BaseYear_plus_3_0,-12.0,Accounts,R158C6,,,,,
BS_NetAssets_31_12_21_0,1688.0,Accounts,R115C4,,,,,
Cash_Row1351_BaseYear_plus_4_0,,Accounts,R135C7,,,,,
Cash_NetClosingCashExclShortTermFacilities_BaseYear_plus_2_0,276.7000000000003,Accounts,R194C5,,,,,
BS_NetAssets_30_12_24_0,1649.0,Accounts,R115C7,,,,,
Cash_Row1861_BaseYear_plus_1_0,,Accounts,R186C4,,,,,
PL_OtherRDexpenditure_31_12_19_0,0.0,Accounts,R53C2,,,,,
BS_TangibleFixedAssets_31_12_19_0,1403.0,Accounts,R84C2,,,,,
BS_Provisions_Grants_OtherReserves_31_12_19_0,,Accounts,R121C2,,,,,
BS_TotalCurrentLiabilities_31_12_25_0,346.1,Accounts,R102C8,,,,,
Cash_Newfunding_BaseYear_plus_1_0,,Accounts,R171C4,,,,,
PL_OperatingExpenditure_31_12_19_0,,Accounts,R57C2,,,,,
BS_Liabilities1Year_31_12_22_0,,Accounts,R106C5,,,,,
BS_ConnectedParties_InterCompanyLoans_31_12_18_0,,Accounts,R92C1,,,,,
Cash_Totalobligations_BaseYear_minus_1_0,0.0,Accounts,R167C2,,,,,
BS_RetainedEarnings_31_12_18_0,1383.0,Accounts,R122C1,,,,,
Info_Site_BuildingsPurchase_BaseYear_plus_5_0,0.0,Accounts,R22C8,,,,,
Cash_Ordequity_BaseYear_plus_5_0,0.0,Accounts,R165C8,,,,,
Info_IntangibleassetExclCapitalisedRD_BaseYear_minus_1_0,,Accounts,R25C2,,,,,
PL_GrossProfit_Loss_31_12_19_0,1817.0,Accounts,R47C2,,,,,
BS_Leases_31_12_23_0,,Accounts,R108C6,,,,,
PL_Tax_31_12_19_0,107.0,Accounts,R70C2,,,,,
Cash_Preferredequity_BaseYear_plus_4_0,0.0,Accounts,R164C7,,,,,
PL_AccountStatus_31_12_25_0,Projected,Accounts,R34C8,,,,,
Cash_Overdraft_new_BaseYear_minus_1_0,0.0,Accounts,R172C2,,,,,
Info_Site_BuildingsModifications_CurrentYear_0,,Accounts,R23C4,,,,,
BS_Row1141_30_12_24_0,,Accounts,R114C7,,,,,
PL_Profit_LossbeforeTax_31_12_23_0,129.79999999999998,Accounts,R68C6,,,,,
BS_TradeDebtors_31_12_19_0,684.0,Accounts,R90C2,,,,,
Info_TotalIrishLabourCosts000s_BaseYear_plus_4_0,1615.0,Accounts,R17C7,,,,,
Cash_Accruals_OtherCreditors_BaseYear_plus_1_0,-37.0,Accounts,R143C4,,,,,
BS_Row951_31_12_20_0,,Accounts,R95C3,,,,,
Cash_Row1471_BaseYear_minus_2_0,,Accounts,R147C1,,,,,
PL_Row551_30_12_24_0,0.0,Accounts,R55C7,,,,,
Cash_CashavailableafterServicingFinancingObligations_BaseYear_plus_4_0,187.29999999999998,Accounts,R169C7,,,,,
Cash_OperatingCashInflow_Outflow_BaseYear_minus_1_0,689.5,Accounts,R146C2,,,,,
Cash_CapitalExpenditure_BaseYear_minus_2_0,,Accounts,R150C1,,,,,
PL_RemittedProfitstoIrelandFromForeignSubsidiary_31_12_20_0,,Accounts,R66C3,,,,,
Info_CapitalisedRD000s_BaseYear_0,,Accounts,R18C3,,,,,
Info_OtherEquityInvestment_Divestment_BaseYear_minus_2_0,,Accounts,R27C1,,,,,
PL_CostofSales_31_12_18_0,2085.9,Accounts,R45C1,,,,,
PL_Row581_31_12_19_0,932.0,Accounts,R58C2,,,,,
PL_Row511_30_12_24_0,0.0,Accounts,R51C7,,,,,
BS_Financedby_31_12_23_0,,Accounts,R117C6,,,,,
PL_RDSalaries_31_12_25_0,0.0,Accounts,R52C8,,,,,
BS_TotalLiabilities1Year_31_12_22_0,12.0,Accounts,R113C5,,,,,
Cash_Row1311_BaseYear_plus_5_0,€000's,Accounts,R131C8,,,,,
Cash_Newfunding_BaseYear_minus_2_0,,Accounts,R171C1,,,,,
Info_VAT_PAYE_PRSIpaid_Receivedinyear_BaseYear_plus_3_0,803.0,Accounts,R19C6,,,,,
BS_CurrentLiabilities_31_12_18_0,,Accounts,R96C1,,,,,
Cash_Row1321_BaseYear_plus_5_0,,Accounts,R132C8,,,,,
PL_Interest_DividendsReceivable_31_12_23_0,,Accounts,R62C6,,,,,
BS_Row1161_31_12_19_0,,Accounts,R116C2,,,,,
PL_DividendsseeRows3031_31_12_25_0,0.0,Accounts,R73C8,,,,,
BS_EIEquityAssistanceThisapplicationonly_31_12_19_0,,Accounts,R119C2,,,,,
Cash_IDfacility_BaseYear_plus_4_0,0.0,Accounts,R156C7,,,,,
BS_Row1141_31_12_19_0,,Accounts,R114C2,,,,,
BS_OrdinarySharesSharePremium_31_12_21_0,0.0,Accounts,R120C4,,,,,
Cash_EIrepayableadvance_BaseYear_plus_2_0,0.0,Accounts,R160C5,,,,,
Cash_Servicingoffunding_BaseYear_0,,Accounts,R154C3,,,,,
PL_TotalSales_31_12_25_0,3811.0,Accounts,R40C8,,,,,
Info_CapitalisedRD000s_BaseYear_minus_1_0,,Accounts,R18C2,,,,,
Info_VAT_PAYE_PRSIpaid_Receivedinyear_BaseYear_0,536.0,Accounts,R19C3,,,,,
Cash_NetClosingCashExclShortTermFacilities_BaseYear_minus_2_0,,Accounts,R194C1,,,,,
BS_OtherLongTermLiabilitiesinclEIRepayableAdvances_31_12_22_0,0.0,Accounts,R112C5,,,,,
Cash_EIgrant_BaseYear_0,,Accounts,R178C3,,,,,
PL_Sales_31_12_23_0,€000's,Accounts,R35C6,,,,,
Info_NewMachinery_otherCapex_BaseYear_minus_2_0,,Accounts,R24C1,,,,,
PL_OwnProduct_ServiceProducedSoldinIreland_31_12_18_0,2751.0,Accounts,R38C1,,,,,
BS_Row811_31_12_22_0,€000's,Accounts,R81C5,,,,,
BS_Directors_ShareholdersLoans_31_12_22_0,,Accounts,R110C5,,,,,
Cash_TradeCreditors_BaseYear_0,-287.0,Accounts,R142C3,,,,,
Cash_TradeCreditors_BaseYear_plus_5_0,0.0,Accounts,R142C8,,,,,
Info_No.ofIrishBasedRDEmployeesye_CurrentYear_0,,Accounts,R16C4,,,,,
PL_Row601_31_12_19_0,,Accounts,R60C2,,,,,
BS_Row1031_31_12_21_0,,Accounts,R103C4,,,,,
BS_Row1051_31_12_21_0,,Accounts,R105C4,,,,,
Cash_Capex_minus_Intangible_BaseYear_plus_1_0,0.0,Accounts,R149C4,,,,,
BS_Row1051_30_12_24_0,,Accounts,R105C7,,,,,
BS_Row811_31_12_20_0,€000's,Accounts,R81C3,,,,,
PL_Row601_30_12_24_0,0.0,Accounts,R60C7,,,,,
PL_Non_minus_OperatingExpenses_Gains_30_12_24_0,-34.4,Accounts,R67C7,,,,,
BS_Intangible_30_12_24_0,0.0,Accounts,R83C7,,,,,
BS_OtherLongTermLiabilitiesinclEIRepayableAdvances_31_12_20_0,,Accounts,R112C3,,,,,
BS_Intangible_31_12_21_0,0.0,Accounts,R83C4,,,,,
BS_ShortTermloans_Leasing1year_31_12_22_0,42.0,Accounts,R99C5,,,,,
BS_Row871_31_12_22_0,,Accounts,R87C5,,,,,
Cash_OverdraftFacility_BaseYear_plus_4_0,0.0,Accounts,R192C7,,,,,
Cash_Longtermloans_BaseYear_plus_5_0,0.0,Accounts,R158C8,,,,,
BS_Investments_31_12_20_0,,Accounts,R85C3,,,,,
PL_SellingGeneralAdminExpenses_31_12_22_0,542.0,Accounts,R49C5,,,,,
Cash_Group_BaseYear_plus_1_0,0.0,Accounts,R161C4,,,,,
PL_Row411_30_12_24_0,,Accounts,R41C7,,,,,
PL_Row411_31_12_21_0,,Accounts,R41C4,,,,,
BS_TradeCreditors_31_12_25_0,207.5,Accounts,R100C8,,,,,
Cash_Newfunding_BaseYear_plus_3_0,,Accounts,R171C6,,,,,
PL_GrantAmortisationThisapplicationonly_31_12_19_0,,Accounts,R65C2,,,,,
Cash_OpeningCashBalance_minus_includesFacilities_BaseYear_plus_5_0,553.2000000000003,Accounts,R189C8,,,,,
BS_Financedby_31_12_25_0,,Accounts,R117C8,,,,,
Cash_Row1321_BaseYear_minus_2_0,,Accounts,R132C1,,,,,
Info_Site_BuildingsPurchase_BaseYear_minus_2_0,,Accounts,R22C1,,,,,
BS_BankOverdraftFacilityLimitinProjectedYears_30_12_24_0,0.0,Accounts,R97C7,,,,,
Cash_AddbackDepreciation_Amortisation_BaseYear_plus_2_0,112.0,Accounts,R136C5,,,,,
Info_Site_BuildingsPurchase_BaseYear_plus_3_0,,Accounts,R22C6,,,,,
BS_ShareholdersFunds_31_12_20_0,1383.0,Accounts,R123C3,,,,,
Cash_Capex_minus_Tangible_BaseYear_0,-151.0,Accounts,R148C3,,,,,
BS_Leases_31_12_21_0,,Accounts,R108C4,,,,,
PL_AccountStatus_31_12_23_0,Projected,Accounts,R34C6,,,,,
BS_Row1031_30_12_24_0,,Accounts,R103C7,,,,,
PL_Profit_LossbeforeTax_31_12_25_0,129.79999999999998,Accounts,R68C8,,,,,
Info_DividendsPaidtoEI_BaseYear_plus_5_0,0.0,Accounts,R28C8,,,,,
PL_OwnProduct_ServiceProducedinIrelandExported_31_12_19_0,639.0,Accounts,R36C2,,,,,
PL_Row511_31_12_21_0,,Accounts,R51C4,,,,,
BS_Financedby_31_12_18_0,,Accounts,R117C1,,,,,
BS_Row1161_31_12_21_0,,Accounts,R116C4,,,,,
PL_Row721_30_12_24_0,,Accounts,R72C7,,,,,
PL_DistributionSalesofOtherCosProduct_31_12_18_0,32.0,Accounts,R39C1,,,,,
PL_DirectLabour_30_12_24_0,1180.0,Accounts,R42C7,,,,,
BS_Provisions_Grants_OtherReserves_30_12_24_0,0.0,Accounts,R121C7,,,,,
PL_RDExpenditure_31_12_25_0,,Accounts,R54C8,,,,,
PL_RemittedProfitstoIrelandFromForeignSubsidiary_31_12_22_0,,Accounts,R66C5,,,,,
PL_Row551_31_12_21_0,,Accounts,R55C4,,,,,
BS_LongTermLoans_31_12_21_0,43.5,Accounts,R107C4,,,,,
PL_OwnProduct_ServiceProducedSoldinIreland_31_12_23_0,2608.0,Accounts,R38C6,,,,,
Info_OtherEquityInvestment_Divestment_BaseYear_plus_5_0,0.0,Accounts,R27C8,,,,,
Info_IntangibleassetExclCapitalisedRD_BaseYear_plus_5_0,0.0,Accounts,R25C8,,,,,
PL_GrossProfit_Loss_30_12_24_0,1209.0,Accounts,R47C7,,,,,
PL_Interest_DividendsReceivable_31_12_21_0,,Accounts,R62C4,,,,,
PL_NetProfit_Loss_31_12_21_0,-296.1499999999998,Accounts,R71C4,,,,,
BS_NetCurrentAssets_31_12_22_0,516.4,Accounts,R104C5,,,,,
PL_RDSalaries_31_12_23_0,,Accounts,R52C6,,,,,
Cash_Leasing_BaseYear_minus_1_0,0.0,Accounts,R159C2,,,,,
BS_Row1051_31_12_19_0,,Accounts,R105C2,,,,,
PL_TotalSales_30_12_24_0,3811.0,Accounts,R40C7,,,,,
BS_OrdinarySharesSharePremium_31_12_23_0,0.0,Accounts,R120C6,,,,,
Cash_Servicingoffunding_BaseYear_minus_2_0,,Accounts,R154C1,,,,,
PL_OperatingProfit_Loss_minus_EBITDA_31_12_22_0,,Accounts,R59C5,,,,,
PL_Row581_31_12_21_0,-262.4499999999998,Accounts,R58C4,,,,,
PL_Row481_31_12_21_0,,Accounts,R48C4,,,,,
Cash_Capex_minus_Intangible_BaseYear_0,0.0,Accounts,R149C3,,,,,
PL_Sales_31_12_25_0,€000's,Accounts,R35C8,,,,,
PL_Row691_30_12_24_0,,Accounts,R69C7,,,,,
BS_CurrentAssets_31_12_25_0,,Accounts,R88C8,,,,,
Cash_Overdraft_BaseYear_plus_5_0,0.0,Accounts,R155C8,,,,,
Cash_Shorttermloans_Leasing_BaseYear_plus_2_0,-11.5,Accounts,R157C5,,,,,
BS_Bank_Cash_31_12_21_0,0.0,Accounts,R91C4,,,,,
Cash_CapitalExpenditure_BaseYear_plus_5_0,-29.5,Accounts,R150C8,,,,,
PL_CostofSales_31_12_20_0,2188.7,Accounts,R45C3,,,,,
BS_TotalCurrentAssets_30_12_24_0,936.6,Accounts,R94C7,,,,,
Cash_TradeDebtors_BaseYear_minus_2_0,,Accounts,R140C1,,,,,
BS_PreferenceShares_31_12_20_0,,Accounts,R118C3,,,,,
Cash_TradeDebtors_BaseYear_plus_2_0,-157.5,Accounts,R140C5,,,,,
Info_PromotersEquityInvestment_Divestment_BaseYear_plus_4_0,0.0,Accounts,R26C7,,,,,
PL_Row411_31_12_23_0,,Accounts,R41C6,,,,,
PL_Amortisation_31_12_23_0,,Accounts,R64C6,,,,,
BS_Row1031_31_12_23_0,,Accounts,R103C6,,,,,
Info_NewMachinery_otherCapex_BaseYear_plus_4_0,29.5,Accounts,R24C7,,,,,
BS_TotalFixedAssets_31_12_18_0,823.0,Accounts,R86C1,,,,,
Info_NewMachinery_otherCapex_BaseYear_0,,Accounts,R24C3,,,,,
Cash_OverdraftFacility_BaseYear_plus_2_0,0.0,Accounts,R192C5,,,,,
Info_YearEnd_CurrentYear_0,44561.0,Accounts,R12C4,,,,,
Cash_EIgrant_BaseYear_plus_5_0,0.0,Accounts,R178C8,,,,,
BS_ConnectedParties_InterCompanyLoans_31_12_25_0,0.0,Accounts,R92C8,,,,,
BS_CurrentLiabilities_31_12_23_0,,Accounts,R96C6,,,,,
Cash_Group_BaseYear_plus_3_0,0.0,Accounts,R161C6,,,,,
Cash_Otherfinancingrequirements_BaseYear_plus_2_0,-31.5,Accounts,R163C5,,,,,
BS_TradeCreditors_31_12_23_0,207.5,Accounts,R100C6,,,,,
BS_Inventory_31_12_18_0,202.0,Accounts,R89C1,,,,,
Cash_Prepayments_OtherDebtors_BaseYear_minus_1_0,-92.0,Accounts,R141C2,,,,,
Cash_WorkingCapitalIncrease_Decrease_BaseYear_plus_4_0,,Accounts,R138C7,,,,,
BS_Prepayments_OtherDebtors_31_12_25_0,100.0,Accounts,R93C8,,,,,
Cash_Preferredequity_BaseYear_0,0.0,Accounts,R164C3,,,,,
Cash_Group_BaseYear_minus_1_0,0.0,Accounts,R161C2,,,,,
BS_Intangible_31_12_19_0,,Accounts,R83C2,,,,,
Cash_Row1351_BaseYear_minus_1_0,,Accounts,R135C2,,,,,
BS_TotalCurrentLiabilities_31_12_21_0,348.1,Accounts,R102C4,,,,,
Cash_ProfitRetainedfortheYear_BaseYear_plus_2_0,42.0,Accounts,R134C5,,,,,
Cash_Ordequity_BaseYear_plus_1_0,0.0,Accounts,R165C4,,,,,
Info_OtherDividendsPaid_BaseYear_0,,Accounts,R29C3,,,,,
Cash_OverdraftFacility_BaseYear_0,,Accounts,R192C3,,,,,
Info_YearEnd_BaseYear_plus_3_0,45291.0,Accounts,R12C6,,,,,
PL_OtherCostofGoodsSold_31_12_22_0,12.0,Accounts,R44C5,,,,,
Cash_Row1451_BaseYear_minus_2_0,,Accounts,R145C1,,,,,
BS_ShortTermloans_Leasing1year_31_12_20_0,54.44999999999999,Accounts,R99C3,,,,,
BS_EIEquityAssistanceThisapplicationonly_31_12_21_0,,Accounts,R119C4,,,,,
Info_DividendsPaidtoEI_BaseYear_minus_1_0,,Accounts,R28C2,,,,,
BS_EIEquityAssistanceThisapplicationonly_30_12_24_0,0.0,Accounts,R119C7,,,,,
PL_AccountStatus_31_12_21_0,Projected,Accounts,R34C4,,,,,
Cash_OpeningCashBalance_minus_includesFacilities_BaseYear_plus_3_0,276.7000000000003,Accounts,R189C6,,,,,
Cash_Row1451_BaseYear_plus_4_0,,Accounts,R145C7,,,,,
PL_RDSalaries_31_12_21_0,,Accounts,R52C4,,,,,
BS_Row1161_30_12_24_0,,Accounts,R116C7,,,,,
PL_NetProfit_Loss_30_12_24_0,113.79999999999998,Accounts,R71C7,,,,,
BS_TangibleFixedAssets_30_12_24_0,1058.8,Accounts,R84C7,,,,,
BS_EIGrantLiabilityThisapplicationonly_31_12_19_0,,Accounts,R111C2,,,,,
PL_RDExpenditure_31_12_23_0,,Accounts,R54C6,,,,,
PL_Row551_31_12_23_0,,Accounts,R55C6,,,,,
PL_DirectLabour_31_12_21_0,1020.0,Accounts,R42C4,,,,,
PL_RDExpenditure_30_12_24_0,,Accounts,R54C7,,,,,
BS_NetAssets_31_12_19_0,2111.0,Accounts,R115C2,,,,,
PL_DividendsseeRows3031_31_12_18_0,,Accounts,R73C1,,,,,
BS_RetainedEarnings_31_12_20_0,1383.0,Accounts,R122C3,,,,,
Info_OtherEquityInvestment_Divestment_BaseYear_plus_3_0,,Accounts,R27C6,,,,,
PL_Depreciation_31_12_18_0,36.0,Accounts,R63C1,,,,,
PL_NetProfit_Loss_31_12_23_0,113.79999999999998,Accounts,R71C6,,,,,
Cash_Directorsloans_BaseYear_minus_2_0,,Accounts,R162C1,,,,,
Info_DividendsPaidtoEI_BaseYear_plus_3_0,,Accounts,R28C6,,,,,
PL_OwnProduct_ServiceProducedSoldinIreland_31_12_25_0,2608.0,Accounts,R38C8,,,,,
PL_Row511_31_12_23_0,,Accounts,R51C6,,,,,
Cash_Leasing_BaseYear_0,0.0,Accounts,R159C3,,,,,
Cash_Preferredequity_BaseYear_minus_1_0,0.0,Accounts,R164C2,,,,,
BS_PreferenceShares_31_12_22_0,,Accounts,R118C5,,,,,
Cash_Row1371_BaseYear_minus_1_0,,Accounts,R137C2,,,,,
Cash_Shorttermloans_Leasing_BaseYear_plus_4_0,0.0,Accounts,R157C7,,,,,
PL_ProfitRetainedfortheYear_31_12_20_0,207.80000000000018,Accounts,R74C3,,,,,
BS_OrdinarySharesSharePremium_31_12_25_0,0.0,Accounts,R120C8,,,,,
BS_LongTermLoans_30_12_24_0,0.0,Accounts,R107C7,,,,,
PL_OperatingProfit_Loss_minus_EBITDA_31_12_20_0,,Accounts,R59C3,,,,,
BS_InvoicediscountingYEBalance_31_12_18_0,0.0,Accounts,R98C1,,,,,
PL_Row691_31_12_21_0,,Accounts,R69C4,,,,,
BS_TotalCurrentAssets_31_12_21_0,747.9,Accounts,R94C4,,,,,
Cash_Overdraft_BaseYear_plus_3_0,0.0,Accounts,R155C6,,,,,
Cash_CashFlowStatementFortheyearended_BaseYear_0,,Accounts,R133C3,,,,,
PL_TotalSales_31_12_21_0,2718.0,Accounts,R40C4,,,,,
Cash_NetMovementinCash_BaseYear_plus_4_0,187.29999999999998,Accounts,R187C7,,,,,
PL_Row581_30_12_24_0,204.39999999999998,Accounts,R58C7,,,,,
PL_Row481_30_12_24_0,,Accounts,R48C7,,,,,
Cash_CapitalExpenditure_BaseYear_plus_3_0,-29.5,Accounts,R150C6,,,,,
Cash_TradeDebtors_BaseYear_plus_4_0,0.0,Accounts,R140C7,,,,,
BS_Bank_Cash_30_12_24_0,0.0,Accounts,R91C7,,,,,
Cash_EIrepayableadvance_BaseYear_minus_1_0,,Accounts,R160C2,,,,,
Cash_Other_BaseYear_minus_1_0,0.0,Accounts,R166C2,,,,,
PL_Row481_31_12_23_0,,Accounts,R48C6,,,,,
CompanyName_0,ACME Corp,Accounts,R3C0,,,,,
PL_Row411_31_12_25_0,,Accounts,R41C8,,,,,
PL_Amortisation_31_12_25_0,0.0,Accounts,R64C8,,,,,
BS_TradeCreditors_30_12_24_0,207.5,Accounts,R100C7,,,,,
BS_CurrentLiabilities_31_12_25_0,,Accounts,R96C8,,,,,
Cash_Row1701_BaseYear_plus_4_0,,Accounts,R170C7,,,,,
Info_NewMachinery_otherCapex_BaseYear_plus_2_0,30.0,Accounts,R24C5,,,,,
Info_YearEnd_BaseYear_0,44196.0,Accounts,R12C3,,,,,
BS_Row1031_31_12_25_0,,Accounts,R103C8,,,,,
PL_Purchases_31_12_22_0,1286.0,Accounts,R43C5,,,,,
Cash_EIgrant_BaseYear_plus_3_0,0.0,Accounts,R178C6,,,,,
PL_InterestPayable_31_12_19_0,,Accounts,R61C2,,,,,
Cash_Row1321_BaseYear_plus_1_0,,Accounts,R132C4,,,,,
Cash_Otherfinancingrequirements_BaseYear_plus_4_0,0.0,Accounts,R163C7,,,,,
BS_TradeCreditors_31_12_21_0,133.6,Accounts,R100C4,,,,,
Cash_NetClosingCashExclShortTermFacilities_BaseYear_plus_4_0,553.2000000000003,Accounts,R194C7,,,,,
PL_Row461_31_12_19_0,,Accounts,R46C2,,,,,
Cash_Group_BaseYear_plus_5_0,0.0,Accounts,R161C8,,,,,
Cash_OperatingCashInflow_Outflow_BaseYear_plus_1_0,-90.24999999999983,Accounts,R146C4,,,,,
Cash_NetClosingCashExclShortTermFacilities_BaseYear_0,,Accounts,R194C3,,,,,
PL_OtherRDexpenditure_31_12_21_0,0.0,Accounts,R53C4,,,,,
PL_Profit_LossbeforeTax_31_12_18_0,141.0999999999999,Accounts,R68C1,,,,,
BS_Liabilities1Year_31_12_20_0,,Accounts,R106C3,,,,,
Cash_Otherfinancingrequirements_BaseYear_minus_2_0,,Accounts,R163C1,,,,,
Cash_WorkingCapitalIncrease_Decrease_BaseYear_plus_2_0,,Accounts,R138C5,,,,,
PL_OtherRDexpenditure_30_12_24_0,0.0,Accounts,R53C7,,,,,
BS_Prepayments_OtherDebtors_31_12_23_0,100.0,Accounts,R93C6,,,,,
BS_Accruals_OtherCreditors_31_12_19_0,286.0,Accounts,R101C2,,,,,
Cash_Totalfundinginjection_BaseYear_plus_2_0,0.0,Accounts,R185C5,,,,,
Cash_Totalobligations_BaseYear_plus_4_0,0.0,Accounts,R167C7,,,,,
Cash_Longtermloans_BaseYear_plus_1_0,-44.5,Accounts,R158C4,,,,,
BS_TotalCurrentLiabilities_31_12_23_0,346.1,Accounts,R102C6,,,,,
Cash_ProfitRetainedfortheYear_BaseYear_plus_4_0,113.79999999999998,Accounts,R134C7,,,,,
Cash_Ordequity_BaseYear_plus_3_0,0.0,Accounts,R165C6,,,,,
Info_TotalIrishLabourCosts000s_CurrentYear_0,1432.0,Accounts,R17C4,,,,,
Cash_OpeningCashBalance_minus_includesFacilities_BaseYear_plus_1_0,542.0,Accounts,R189C4,,,,,
Cash_Row1471_BaseYear_plus_2_0,,Accounts,R147C5,,,,,
Cash_Row1451_BaseYear_plus_2_0,,Accounts,R145C5,,,,,
PL_Row721_31_12_23_0,,Accounts,R72C6,,,,,
BS_Provisions_Grants_OtherReserves_31_12_23_0,0.0,Accounts,R121C6,,,,,
PL_OwnProduct_ServiceProducedAbroadsoldAbroad_31_12_22_0,,Accounts,R37C5,,,,,
PL_OtherCostofGoodsSold_30_12_24_0,12.0,Accounts,R44C7,,,,,
Cash_Servicingoffunding_BaseYear_plus_3_0,,Accounts,R154C6,,,,,
PL_IndirectLabourexcludingRDSalaries_31_12_19_0,384.0,Accounts,R50C2,,,,,
Cash_OperatingCashInflow_Outflow_BaseYear_plus_4_0,216.79999999999998,Accounts,R146C7,,,,,
Cash_AddbackDepreciation_Amortisation_BaseYear_minus_2_0,,Accounts,R136C1,,,,,
PL_OwnProduct_ServiceProducedSoldinIreland_30_12_24_0,2608.0,Accounts,R38C7,,,,,
Cash_Totalobligations_BaseYear_0,0.0,Accounts,R167C3,,,,,
BS_CurrentLiabilities_31_12_20_0,,Accounts,R96C3,,,,,
PL_Tax_31_12_22_0,6.0,Accounts,R70C5,,,,,
Cash_CashFlowStatementFortheyearended_BaseYear_plus_2_0,,Accounts,R133C5,,,,,
PL_Row511_31_12_25_0,0.0,Accounts,R51C8,,,,,
Info_Site_BuildingsPurchase_BaseYear_0,,Accounts,R22C3,,,,,
PL_OtherRDexpenditure_31_12_22_0,0.0,Accounts,R53C5,,,,,
BS_FixedAssets_31_12_21_0,,Accounts,R82C4,,,,,
Info_InvoicediscountingProjectedYearEndBalance_BaseYear_0,,Accounts,R21C3,,,,,
PL_Profit_LossbeforeTax_31_12_19_0,837.1,Accounts,R68C2,,,,,
Info_BankOverdraftFacilityLimitforProjectedYears_CurrentYear_0,,Accounts,R20C4,,,,,
Cash_Other_BaseYear_plus_1_0,0.0,Accounts,R166C4,,,,,
Cash_InvoiceDiscountingBalance_BaseYear_0,,Accounts,R193C3,,,,,
BS_Row951_31_12_19_0,,Accounts,R95C2,,,,,
BS_EIGrantLiabilityThisapplicationonly_31_12_21_0,0.0,Accounts,R111C4,,,,,
Cash_Totalfundinginjection_BaseYear_plus_5_0,0.0,Accounts,R185C8,,,,,
Info_No.ofIrishBasedEmployeesye_BaseYear_plus_4_0,50.0,Accounts,R14C7,,,,,
BS_LongTermLoans_31_12_25_0,0.0,Accounts,R107C8,,,,,
PL_ProfitRetainedfortheYear_31_12_19_0,730.1,Accounts,R74C2,,,,,
Info_Site_BuildingsPurchase_CurrentYear_0,,Accounts,R22C4,,,,,
PL_Row461_31_12_25_0,,Accounts,R46C8,,,,,
PL_Row481_31_12_25_0,,Accounts,R48C8,,,,,
BS_TotalCurrentAssets_31_12_23_0,936.6,Accounts,R94C6,,,,,
Cash_Row1701_BaseYear_plus_2_0,,Accounts,R170C5,,,,,
PL_RDSalaries_31_12_20_0,,Accounts,R52C3,,,,,
PL_Depreciation_31_12_22_0,112.0,Accounts,R63C5,,,,,
Info_No.ofGlobalEmployeesyeinclIrishemployment_BaseYear_plus_4_0,67.0,Accounts,R13C7,,,,,
BS_TangibleFixedAssets_31_12_22_0,1205.8,Accounts,R84C5,,,,,
PL_Row601_31_12_23_0,0.0,Accounts,R60C6,,,,,
BS_ConnectedParties_InterCompanyLoans_30_12_24_0,0.0,Accounts,R92C7,,,,,
Cash_CashavailableforServicingFinancingObligations_BaseYear_plus_4_0,187.29999999999998,Accounts,R152C7,,,,,
PL_Purchases_31_12_20_0,1204.0,Accounts,R43C3,,,,,
Cash_EIgrant_BaseYear_plus_1_0,0.0,Accounts,R178C4,,,,,
Info_OtherDividendsPaid_BaseYear_plus_3_0,,Accounts,R29C6,,,,,
PL_DirectLabour_31_12_22_0,1144.0,Accounts,R42C5,,,,,
BS_CurrentAssets_31_12_21_0,,Accounts,R88C4,,,,,
BS_ConnectedParties_InterCompanyLoans_31_12_21_0,,Accounts,R92C4,,,,,
BS_NetAssets_31_12_18_0,1383.0,Accounts,R115C1,,,,,
Cash_NetMovementinCash_BaseYear_minus_2_0,,Accounts,R187C1,,,,,
BS_RetainedEarnings_31_12_21_0,1383.0,Accounts,R122C4,,,,,
BS_TradeDebtors_31_12_22_0,587.5,Accounts,R90C5,,,,,
Cash_Row1881_BaseYear_minus_2_0,,Accounts,R188C1,,,,,
Info_OtherEquityInvestment_Divestment_BaseYear_plus_2_0,,Accounts,R27C5,,,,,
Cash_IDfacility_BaseYear_minus_2_0,,Accounts,R156C1,,,,,
PL_GrantAmortisationThisapplicationonly_31_12_21_0,0.0,Accounts,R65C4,,,,,
Info_NewMachinery_otherCapex_CurrentYear_0,29.5,Accounts,R24C4,,,,,
PL_TotalSales_31_12_18_0,3117.0,Accounts,R40C1,,,,,
PL_GrossProfit_Loss_31_12_22_0,1098.0,Accounts,R47C5,,,,,
PL_OperatingExpenditure_31_12_22_0,,Accounts,R57C5,,,,,
Info_PromotersEquityInvestment_Divestment_BaseYear_minus_2_0,,Accounts,R26C1,,,,,
PL_GrantAmortisationThisapplicationonly_30_12_24_0,0.0,Accounts,R65C7,,,,,
BS_Row811_31_12_19_0,€000's,Accounts,R81C2,,,,,
BS_Prepayments_OtherDebtors_31_12_21_0,120.4,Accounts,R93C4,,,,,
BS_TotalCurrentLiabilities_30_12_24_0,346.1,Accounts,R102C7,,,,,
PL_Non_minus_OperatingExpenses_Gains_31_12_19_0,-43.5,Accounts,R67C2,,,,,
Cash_Totalobligations_BaseYear_plus_2_0,-74.5,Accounts,R167C5,,,,,
PL_OtherOperatingExpenses_Gains_31_12_21_0,926.0,Accounts,R56C4,,,,,
Cash_Overdraft_BaseYear_plus_2_0,0.0,Accounts,R155C5,,,,,
BS_TotalFixedAssets_31_12_25_0,985.3,Accounts,R86C8,,,,,
Cash_ClosingCashInclFacilitiesi.e.availablecash_BaseYear_plus_1_0,332.30000000000024,Accounts,R190C4,,,,,
Cash_WorkingCapitalIncrease_Decrease_BaseYear_minus_1_0,,Accounts,R138C2,,,,,
BS_Liabilities1Year_31_12_19_0,,Accounts,R106C2,,,,,
Cash_Row1471_BaseYear_plus_4_0,,Accounts,R147C7,,,,,
Cash_Other_BaseYear_minus_2_0,,Accounts,R166C1,,,,,
BS_Provisions_Grants_OtherReserves_31_12_21_0,0.0,Accounts,R121C4,,,,,
PL_Row721_31_12_21_0,,Accounts,R72C4,,,,,
PL_Amortisation_31_12_20_0,,Accounts,R64C3,,,,,
Cash_Row1681_BaseYear_plus_5_0,,Accounts,R168C8,,,,,
BS_OrdinarySharesSharePremium_31_12_18_0,,Accounts,R120C1,,,,,
Cash_Servicingoffunding_BaseYear_plus_5_0,,Accounts,R154C8,,,,,
Info_BankOverdraftFacilityLimitforProjectedYears_BaseYear_plus_3_0,,Accounts,R20C6,,,,,
PL_OwnProduct_ServiceProducedSoldinIreland_31_12_21_0,1635.0,Accounts,R38C4,,,,,
PL_OwnProduct_ServiceProducedAbroadsoldAbroad_31_12_20_0,,Accounts,R37C3,,,,,
Cash_Row1701_BaseYear_minus_2_0,,Accounts,R170C1,,,,,
BS_Leases_31_12_18_0,,Accounts,R108C1,,,,,
Info_IntangibleassetExclCapitalisedRD_BaseYear_plus_3_0,,Accounts,R25C6,,,,,
PL_Tax_31_12_20_0,29.0,Accounts,R70C3,,,,,
BS_ShareholdersFunds_31_12_18_0,1383.0,Accounts,R123C1,,,,,
Cash_Otherfinancingrequirements_BaseYear_plus_1_0,-44.5,Accounts,R163C4,,,,,
PL_Sales_31_12_19_0,€000's,Accounts,R35C2,,,,,
BS_CurrentLiabilities_31_12_22_0,,Accounts,R96C5,,,,,
BS_NetCurrentAssets_31_12_20_0,1024.05,Accounts,R104C3,,,,,
BS_Directors_ShareholdersLoans_31_12_19_0,,Accounts,R110C2,,,,,
PL_Interest_DividendsReceivable_30_12_24_0,0.0,Accounts,R62C7,,,,,
BS_Intangible_31_12_18_0,,Accounts,R83C1,,,,,
BS_FixedAssets_31_12_23_0,,Accounts,R82C6,,,,,
Info_InvoicediscountingProjectedYearEndBalance_BaseYear_plus_4_0,0.0,Accounts,R21C7,,,,,
BS_LongTermLoans_31_12_23_0,0.0,Accounts,R107C6,,,,,
BS_EIEquityAssistanceThisapplicationonly_31_12_22_0,,Accounts,R119C5,,,,,
Info_No.ofIrishBasedEmployeesye_BaseYear_plus_2_0,28.0,Accounts,R14C5,,,,,
PL_CostofSales_31_12_22_0,2442.0,Accounts,R45C5,,,,,
BS_CurrentAssets_31_12_23_0,,Accounts,R88C6,,,,,
BS_Inventory_30_12_24_0,197.0,Accounts,R89C7,,,,,
PL_OtherCostofGoodsSold_31_12_21_0,12.0,Accounts,R44C4,,,,,
BS_TotalCurrentAssets_31_12_25_0,936.6,Accounts,R94C8,,,,,
Cash_Longtermloans_BaseYear_minus_2_0,,Accounts,R158C1,,,,,
Info_No.ofGlobalEmployeesyeinclIrishemployment_BaseYear_plus_2_0,44.0,Accounts,R13C5,,,,,
Cash_Stocks_BaseYear_plus_5_0,0.0,Accounts,R139C8,,,,,
PL_GrossProfit_Loss_31_12_20_0,1029.3000000000002,Accounts,R47C3,,,,,
PL_Row601_31_12_21_0,0.0,Accounts,R60C4,,,,,
Cash_CashavailableforServicingFinancingObligations_BaseYear_plus_2_0,18.900000000000006,Accounts,R152C5,,,,,
BS_ConnectedParties_InterCompanyLoans_31_12_23_0,0.0,Accounts,R92C6,,,,,
Cash_Directorsloans_BaseYear_plus_4_0,0.0,Accounts,R162C7,,,,,
Info_OtherDividendsPaid_BaseYear_plus_5_0,,Accounts,R29C8,,,,,
BS_RetainedEarnings_31_12_23_0,1383.0,Accounts,R122C6,,,,,
Info_YearEnd_BaseYear_plus_5_0,46022.0,Accounts,R12C8,,,,,
PL_SellingGeneralAdminExpenses_31_12_19_0,501.0,Accounts,R49C2,,,,,
Info_CapitalisedRD000s_CurrentYear_0,,Accounts,R18C4,,,,,
BS_BankOverdraftFacilityLimitinProjectedYears_31_12_22_0,0.0,Accounts,R97C5,,,,,
PL_OwnProduct_ServiceProducedinIrelandExported_31_12_21_0,1082.0,Accounts,R36C4,,,,,
PL_GrantAmortisationThisapplicationonly_31_12_23_0,0.0,Accounts,R65C6,,,,,
PL_OwnProduct_ServiceProducedinIrelandExported_30_12_24_0,1202.0,Accounts,R36C7,,,,,
PL_OperatingExpenditure_31_12_20_0,,Accounts,R57C3,,,,,
BS_FixedAssets_30_12_24_0,,Accounts,R82C7,,,,,
BS_Row871_31_12_18_0,,Accounts,R87C1,,,,,
BS_ShortTermloans_Leasing1year_31_12_19_0,11.0,Accounts,R99C2,,,,,
BS_Row1031_31_12_18_0,,Accounts,R103C1,,,,,
Cash_Row1681_BaseYear_minus_2_0,,Accounts,R168C1,,,,,
Cash_Capex_minus_Tangible_BaseYear_minus_2_0,,Accounts,R148C1,,,,,
BS_Leases_30_12_24_0,0.0,Accounts,R108C7,,,,,
BS_TotalFixedAssets_31_12_23_0,1132.3,Accounts,R86C6,,,,,
Cash_Prepayments_OtherDebtors_BaseYear_0,127.0,Accounts,R141C3,,,,,
Cash_Capex_minus_Intangible_BaseYear_minus_1_0,0.0,Accounts,R149C2,,,,,
BS_Row1051_31_12_22_0,,Accounts,R105C5,,,,,
PL_Interest_DividendsReceivable_31_12_18_0,0.0,Accounts,R62C1,,,,,
Cash_Stocks_BaseYear_minus_2_0,,Accounts,R139C1,,,,,
Cash_Capex_minus_Intangible_BaseYear_plus_2_0,0.0,Accounts,R149C5,,,,,
Cash_Row1681_BaseYear_plus_3_0,,Accounts,R168C6,,,,,
Info_PromotersEquityInvestment_Divestment_CurrentYear_0,,Accounts,R26C4,,,,,
Cash_Row1881_BaseYear_plus_2_0,,Accounts,R188C5,,,,,
Cash_Overdraft_BaseYear_minus_1_0,0.0,Accounts,R155C2,,,,,
Cash_Shorttermloans_Leasing_BaseYear_0,0.0,Accounts,R157C3,,,,,
BS_LongTermLoans_31_12_18_0,,Accounts,R107C1,,,,,
PL_Row481_31_12_18_0,,Accounts,R48C1,,,,,
Cash_Ordequity_BaseYear_minus_1_0,0.0,Accounts,R165C2,,,,,
Cash_ClosingCashInclFacilitiesi.e.availablecash_BaseYear_minus_2_0,,Accounts,R190C1,,,,,
PL_SellingGeneralAdminExpenses_30_12_24_0,569.6,Accounts,R49C7,,,,,
PL_AccountStatus_31_12_19_0,Audited,Accounts,R34C2,,,,,
PL_OtherCostofGoodsSold_31_12_19_0,96.0,Accounts,R44C2,,,,,
Cash_Row1311_BaseYear_plus_3_0,€000's,Accounts,R131C6,,,,,
Cash_InvoiceDiscountingBalance_BaseYear_plus_3_0,0.0,Accounts,R193C6,,,,,
Cash_OpeningCashBalance_minus_includesFacilities_BaseYear_minus_1_0,,Accounts,R189C2,,,,,
BS_FixedAssets_31_12_25_0,,Accounts,R82C8,,,,,
Cash_Row1531_BaseYear_plus_1_0,,Accounts,R153C4,,,,,
Cash_InvoiceDiscountingBalance_BaseYear_minus_2_0,,Accounts,R193C1,,,,,
PL_Row411_31_12_19_0,,Accounts,R41C2,,,,,
BS_EIGrantLiabilityThisapplicationonly_31_12_25_0,0.0,Accounts,R111C8,,,,,
Cash_Row1861_BaseYear_plus_5_0,,Accounts,R186C8,,,,,
Info_InvoicediscountingProjectedYearEndBalance_BaseYear_plus_2_0,,Accounts,R21C5,,,,,
PL_Amortisation_31_12_18_0,,Accounts,R64C1,,,,,
Cash_Other_BaseYear_plus_5_0,0.0,Accounts,R166C8,,,,,
Info_IntangibleassetExclCapitalisedRD_BaseYear_0,,Accounts,R25C3,,,,,
Cash_Accruals_OtherCreditors_BaseYear_minus_2_0,,Accounts,R143C1,,,,,
BS_ShareholdersFunds_31_12_23_0,1383.0,Accounts,R123C6,,,,,
PL_Row461_31_12_21_0,,Accounts,R46C4,,,,,
Cash_Row1511_BaseYear_minus_2_0,,Accounts,R151C1,,,,,
Cash_Ordequity_BaseYear_0,0.0,Accounts,R165C3,,,,,
Cash_Prepayments_OtherDebtors_BaseYear_plus_5_0,0.0,Accounts,R141C8,,,,,
Info_No.ofGlobalRDEmployeesye_BaseYear_minus_2_0,5.0,Accounts,R15C1,,,,,
PL_GrantAmortisationThisapplicationonly_31_12_25_0,0.0,Accounts,R65C8,,,,,
BS_Row1141_31_12_22_0,,Accounts,R114C5,,,,,
Cash_Stocks_BaseYear_plus_3_0,0.0,Accounts,R139C6,,,,,
BS_Inventory_31_12_21_0,197.5,Accounts,R89C4,,,,,
Cash_Row1531_BaseYear_minus_1_0,,Accounts,R153C2,,,,,
Cash_Directorsloans_BaseYear_plus_2_0,0.0,Accounts,R162C5,,,,,
Info_CapitalisedRD000s_BaseYear_plus_4_0,0.0,Accounts,R18C7,,,,,
BS_RetainedEarnings_31_12_25_0,1383.0,Accounts,R122C8,,,,,
Cash_Shorttermloans_Leasing_BaseYear_minus_1_0,0.0,Accounts,R157C2,,,,,
Cash_Overdraft_new_BaseYear_plus_5_0,0.0,Accounts,R172C8,,,,,
BS_Intangible_31_12_23_0,0.0,Accounts,R83C6,,,,,
BS_Row871_31_12_20_0,,Accounts,R87C3,,,,,
Info_VAT_PAYE_PRSIpaid_Receivedinyear_BaseYear_minus_1_0,334.0,Accounts,R19C2,,,,,
BS_NetAssets_31_12_25_0,1576.0,Accounts,R115C8,,,,,
Cash_Leasing_BaseYear_plus_4_0,0.0,Accounts,R159C7,,,,,
BS_Bank_Cash_31_12_19_0,272.0,Accounts,R91C2,,,,,
Cash_Row1511_BaseYear_plus_4_0,,Accounts,R151C7,,,,,
Cash_Otherfinancingrequirements_BaseYear_0,0.0,Accounts,R163C3,,,,,
Info_OtherEquityInvestment_Divestment_BaseYear_minus_1_0,,Accounts,R27C2,,,,,
Cash_Row1371_BaseYear_plus_4_0,,Accounts,R137C7,,,,,
BS_BankOverdraftFacilityLimitinProjectedYears_31_12_20_0,0.0,Accounts,R97C3,,,,,
Cash_WorkingCapitalIncrease_Decrease_BaseYear_0,,Accounts,R138C3,,,,,
PL_OtherOperatingExpenses_Gains_30_12_24_0,1004.6,Accounts,R56C7,,,,,
BS_Investments_31_12_22_0,,Accounts,R85C5,,,,,
Info_BankOverdraftFacilityLimitforProjectedYears_BaseYear_minus_1_0,,Accounts,R20C2,,,,,
PL_OwnProduct_ServiceProducedinIrelandExported_31_12_23_0,1202.0,Accounts,R36C6,,,,,
BS_Financedby_31_12_22_0,,Accounts,R117C5,,,,,
Info_Site_BuildingsModifications_BaseYear_plus_2_0,,Accounts,R23C5,,,,,
PL_RemittedProfitstoIrelandFromForeignSubsidiary_31_12_19_0,,Accounts,R66C2,,,,,
BS_TradeCreditors_31_12_19_0,396.0,Accounts,R100C2,,,,,
PL_DividendsseeRows3031_31_12_22_0,,Accounts,R73C5,,,,,
Cash_AddbackDepreciation_Amortisation_BaseYear_plus_4_0,103.0,Accounts,R136C7,,,,,
PL_OtherOperatingExpenses_Gains_31_12_25_0,1004.6,Accounts,R56C8,,,,,
PL_DistributionSalesofOtherCosProduct_31_12_20_0,2.0,Accounts,R39C3,,,,,
BS_TotalFixedAssets_31_12_21_0,1287.8,Accounts,R86C4,,,,,
Cash_ClosingCashInclFacilitiesi.e.availablecash_BaseYear_plus_5_0,740.5000000000002,Accounts,R190C8,,,,,
Info_No.ofIrishBasedRDEmployeesye_BaseYear_minus_2_0,,Accounts,R16C1,,,,,
Cash_Accruals_OtherCreditors_BaseYear_plus_5_0,0.0,Accounts,R143C8,,,,,
BS_InvoicediscountingYEBalance_31_12_22_0,0.0,Accounts,R98C5,,,,,
Cash_OverdraftFacility_BaseYear_minus_2_0,,Accounts,R192C1,,,,,
PL_Row511_31_12_18_0,,Accounts,R51C1,,,,,
BS_TotalFixedAssets_30_12_24_0,1058.8,Accounts,R86C7,,,,,
Cash_Row1911_BaseYear_plus_2_0,,Accounts,R191C5,,,,,
BS_Accruals_OtherCreditors_31_12_20_0,198.0,Accounts,R101C3,,,,,
Cash_Capex_minus_Intangible_BaseYear_plus_4_0,0.0,Accounts,R149C7,,,,,
Cash_Row1681_BaseYear_plus_1_0,,Accounts,R168C4,,,,,
BS_PreferenceShares_31_12_19_0,,Accounts,R118C2,,,,,
Cash_Totalfundinginjection_BaseYear_minus_1_0,1.0,Accounts,R185C2,,,,,
Cash_Row1351_BaseYear_plus_1_0,,Accounts,R135C4,,,,,
Info_TotalIrishLabourCosts000s_BaseYear_minus_1_0,1185.0,Accounts,R17C2,,,,,
Cash_Servicingoffunding_BaseYear_plus_1_0,,Accounts,R154C4,,,,,
PL_Purchases_31_12_18_0,1160.45,Accounts,R43C1,,,,,
Cash_Row1531_BaseYear_plus_3_0,,Accounts,R153C6,,,,,
Cash_Row1311_BaseYear_plus_1_0,€000's,Accounts,R131C4,,,,,
Cash_CashFlowStatementFortheyearended_BaseYear_plus_4_0,,Accounts,R133C7,,,,,
Cash_Directorsloans_BaseYear_0,0.0,Accounts,R162C3,,,,,
Info_OtherEquityInvestment_Divestment_BaseYear_0,,Accounts,R27C3,,,,,
PL_Row551_31_12_19_0,,Accounts,R55C2,,,,,
PL_NetProfit_Loss_31_12_19_0,730.1,Accounts,R71C2,,,,,
Cash_InvoiceDiscountingBalance_BaseYear_plus_1_0,0.0,Accounts,R193C4,,,,,
Info_Site_BuildingsModifications_BaseYear_minus_2_0,,Accounts,R23C1,,,,,
Cash_Row1861_BaseYear_plus_3_0,,Accounts,R186C6,,,,,
Info_OtherDividendsPaid_BaseYear_minus_2_0,,Accounts,R29C1,,,,,
PL_Sales_30_12_24_0,€000's,Accounts,R35C7,,,,,
BS_EIGrantLiabilityThisapplicationonly_30_12_24_0,0.0,Accounts,R111C7,,,,,
Cash_Other_BaseYear_plus_3_0,0.0,Accounts,R166C6,,,,,
Cash_Row1861_BaseYear_0,,Accounts,R186C3,,,,,
Cash_Stocks_BaseYear_0,0.5,Accounts,R139C3,,,,,
BS_EIGrantLiabilityThisapplicationonly_31_12_23_0,0.0,Accounts,R111C6,,,,,
BS_CurrentAssets_30_12_24_0,,Accounts,R88C7,,,,,
Cash_ProfitRetainedfortheYear_BaseYear_minus_2_0,,Accounts,R134C1,,,,,
PL_Row461_31_12_23_0,,Accounts,R46C6,,,,,
BS_Inventory_31_12_23_0,197.0,Accounts,R89C6,,,,,
BS_ShareholdersFunds_31_12_25_0,1383.0,Accounts,R123C8,,,,,
Info_No.ofGlobalRDEmployeesye_BaseYear_plus_3_0,17.0,Accounts,R15C6,,,,,
Info_No.ofIrishBasedRDEmployeesye_BaseYear_plus_5_0,0.0,Accounts,R16C8,,,,,
PL_Profit_LossbeforeTax_30_12_24_0,129.79999999999998,Accounts,R68C7,,,,,
Info_No.ofIrishBasedRDEmployeesye_BaseYear_plus_3_0,,Accounts,R16C6,,,,,
Cash_Prepayments_OtherDebtors_BaseYear_plus_3_0,10.0,Accounts,R141C6,,,,,
Info_Site_BuildingsModifications_BaseYear_plus_4_0,0.0,Accounts,R23C7,,,,,
BS_Row1141_31_12_20_0,,Accounts,R114C3,,,,,
BS_TotalCurrentLiabilities_31_12_19_0,693.0,Accounts,R102C2,,,,,
PL_Depreciation_31_12_20_0,173.0,Accounts,R63C3,,,,,
Cash_Stocks_BaseYear_plus_1_0,0.0,Accounts,R139C4,,,,,
BS_Intangible_31_12_25_0,0.0,Accounts,R83C8,,,,,
BS_Prepayments_OtherDebtors_31_12_19_0,247.0,Accounts,R93C2,,,,,
Info_CapitalisedRD000s_BaseYear_plus_2_0,,Accounts,R18C5,,,,,
Cash_Capex_minus_Tangible_BaseYear_plus_1_0,-29.499999999999957,Accounts,R148C4,,,,,
PL_Row461_30_12_24_0,,Accounts,R46C7,,,,,
Cash_Overdraft_new_BaseYear_plus_3_0,0.0,Accounts,R172C6,,,,,
PL_InterestPayable_31_12_22_0,7.0,Accounts,R61C5,,,,,
Cash_TradeCreditors_BaseYear_minus_1_0,144.0,Accounts,R142C2,,,,,
BS_TradeDebtors_31_12_20_0,526.0,Accounts,R90C3,,,,,
Cash_Overdraft_new_BaseYear_0,0.0,Accounts,R172C3,,,,,
BS_NetAssets_31_12_23_0,1723.0,Accounts,R115C6,,,,,
Cash_Row1371_BaseYear_plus_2_0,,Accounts,R137C5,,,,,
Cash_Leasing_BaseYear_plus_2_0,0.0,Accounts,R159C5,,,,,
Cash_Row1511_BaseYear_plus_2_0,,Accounts,R151C5,,,,,
BS_TotalCurrentAssets_31_12_18_0,1152.0,Accounts,R94C1,,,,,
BS_Financedby_31_12_20_0,,Accounts,R117C3,,,,,
PL_Row601_31_12_25_0,0.0,Accounts,R60C8,,,,,
PL_Row691_31_12_19_0,,Accounts,R69C2,,,,,
Info_OtherEquityInvestment_Divestment_CurrentYear_0,,Accounts,R27C4,,,,,
Info_No.ofIrishBasedEmployeesye_BaseYear_0,18.0,Accounts,R14C3,,,,,
Cash_Total_BaseYear_minus_2_0,,Accounts,R144C1,,,,,
PL_DividendsseeRows3031_31_12_20_0,,Accounts,R73C3,,,,,
PL_OwnProduct_ServiceProducedinIrelandExported_31_12_25_0,1202.0,Accounts,R36C8,,,,,
Cash_TradeCreditors_BaseYear_plus_2_0,55.400000000000006,Accounts,R142C5,,,,,
Cash_Totalfundinginjection_BaseYear_0,219.45,Accounts,R185C3,,,,,
PL_RDExpenditure_31_12_19_0,,Accounts,R54C2,,,,,
PL_OtherOperatingExpenses_Gains_31_12_23_0,1004.6,Accounts,R56C6,,,,,
Info_YearEnd_BaseYear_minus_2_0,43465.0,Accounts,R12C1,,,,,
Cash_Row1881_BaseYear_plus_4_0,,Accounts,R188C7,,,,,
Cash_EIgrant_BaseYear_minus_2_0,,Accounts,R178C1,,,,,
PL_DistributionSalesofOtherCosProduct_31_12_22_0,1.0,Accounts,R39C5,,,,,
Cash_ClosingCashInclFacilitiesi.e.availablecash_BaseYear_plus_3_0,365.90000000000026,Accounts,R190C6,,,,,
Cash_Row1911_BaseYear_plus_4_0,,Accounts,R191C7,,,,,
BS_Accruals_OtherCreditors_31_12_22_0,147.1,Accounts,R101C5,,,,,
Cash_Total_BaseYear_plus_5_0,0.0,Accounts,R144C8,,,,,
PL_OperatingProfit_Loss_minus_EBITDA_31_12_18_0,,Accounts,R59C1,,,,,
Cash_Preferredequity_BaseYear_plus_2_0,0.0,Accounts,R164C5,,,,,
Cash_Row1911_BaseYear_minus_1_0,,Accounts,R191C2,,,,,
BS_InvoicediscountingYEBalance_31_12_20_0,0.0,Accounts,R98C3,,,,,
PL_RDSalaries_31_12_18_0,,Accounts,R52C1,,,,,
PL_Profit_LossbeforeTax_31_12_21_0,-339.1499999999998,Accounts,R68C4,,,,,
Info_TotalIrishLabourCosts000s_BaseYear_plus_2_0,1567.0,Accounts,R17C5,,,,,
Cash_Accruals_OtherCreditors_BaseYear_plus_3_0,-30.499999999999986,Accounts,R143C6,,,,,
BS_Leases_31_12_25_0,0.0,Accounts,R108C8,,,,,
